date,code,usdprice
#date,#meta+code,#value+usd
1994-01-15,Maharashtra-Mumbai city-Mumbai-Wheat-KG-Retail-INR,0.26
1994-01-15,Maharashtra-Mumbai city-Mumbai-Wheat-KG-Retail-INR,0.26
1994-02-15,Maharashtra-Mumbai city-Mumbai-Wheat-KG-Retail-INR,0.26
1994-03-15,Maharashtra-Mumbai city-Mumbai-Wheat-KG-Retail-INR,0.26
1994-04-15,Maharashtra-Mumbai city-Mumbai-Wheat-KG-Retail-INR,0.26
1994-04-15,Maharashtra-Mumbai city-Mumbai-Wheat-KG-Retail-INR,0.26
1994-04-15,Maharashtra-Mumbai city-Mumbai-Wheat-KG-Retail-INR,0.26
1994-05-15,Maharashtra-Mumbai city-Mumbai-Wheat-KG-Retail-INR,0.26
1994-05-15,Maharashtra-Mumbai city-Mumbai-Wheat-KG-Retail-INR,0.26
1994-06-15,Maharashtra-Mumbai city-Mumbai-Wheat-KG-Retail-INR,0.24
1994-07-15,Maharashtra-Mumbai city-Mumbai-Wheat-KG-Retail-INR,0.21
1994-08-15,Maharashtra-Mumbai city-Mumbai-Wheat-KG-Retail-INR,0.26
1994-08-15,Maharashtra-Mumbai city-Mumbai-Wheat-KG-Retail-INR,0.26
1994-09-15,Maharashtra-Mumbai city-Mumbai-Wheat-KG-Retail-INR,0.21
1994-10-15,Maharashtra-Mumbai city-Mumbai-Wheat-KG-Retail-INR,0.21
1994-11-15,Maharashtra-Mumbai city-Mumbai-Wheat-KG-Retail-INR,0.21
1994-12-15,Maharashtra-Mumbai city-Mumbai-Wheat-KG-Retail-INR,0.22
1995-01-15,Maharashtra-Mumbai city-Mumbai-Wheat-KG-Retail-INR,0.21
1995-01-15,Maharashtra-Mumbai city-Mumbai-Wheat-KG-Retail-INR,0.21
1995-02-15,Maharashtra-Mumbai city-Mumbai-Wheat-KG-Retail-INR,0.19
1995-03-15,Maharashtra-Mumbai city-Mumbai-Wheat-KG-Retail-INR,0.19
1995-04-15,Maharashtra-Mumbai city-Mumbai-Wheat-KG-Retail-INR,0.26
1995-05-15,Maharashtra-Mumbai city-Mumbai-Wheat-KG-Retail-INR,0.22
1995-06-15,Maharashtra-Mumbai city-Mumbai-Wheat-KG-Retail-INR,0.22
1995-07-15,Maharashtra-Mumbai city-Mumbai-Wheat-KG-Retail-INR,0.21
1995-08-15,Maharashtra-Mumbai city-Mumbai-Wheat-KG-Retail-INR,0.21
1995-08-15,Maharashtra-Mumbai city-Mumbai-Wheat-KG-Retail-INR,0.21
1995-09-15,Maharashtra-Mumbai city-Mumbai-Wheat-KG-Retail-INR,0.19
1995-10-15,Maharashtra-Mumbai city-Mumbai-Wheat-KG-Retail-INR,0.23
1995-11-15,Maharashtra-Mumbai city-Mumbai-Wheat-KG-Retail-INR,0.23
1995-11-15,Maharashtra-Mumbai city-Mumbai-Wheat-KG-Retail-INR,0.23
1995-12-15,Maharashtra-Mumbai city-Mumbai-Wheat-KG-Retail-INR,0.23
1996-01-15,Maharashtra-Mumbai city-Mumbai-Wheat-KG-Retail-INR,0.22
1996-02-15,Maharashtra-Mumbai city-Mumbai-Wheat-KG-Retail-INR,0.22
1996-03-15,Maharashtra-Mumbai city-Mumbai-Wheat-KG-Retail-INR,0.24
1996-04-15,Maharashtra-Mumbai city-Mumbai-Wheat-KG-Retail-INR,0.23
1996-05-15,Maharashtra-Mumbai city-Mumbai-Wheat-KG-Retail-INR,0.2
1996-05-15,Maharashtra-Mumbai city-Mumbai-Wheat-KG-Retail-INR,0.2
1996-06-15,Maharashtra-Mumbai city-Mumbai-Wheat-KG-Retail-INR,0.23
1996-07-15,Maharashtra-Mumbai city-Mumbai-Wheat-KG-Retail-INR,0.21
1996-08-15,Maharashtra-Mumbai city-Mumbai-Wheat-KG-Retail-INR,0.21
1996-09-15,Maharashtra-Mumbai city-Mumbai-Wheat-KG-Retail-INR,0.23
1996-10-15,Maharashtra-Mumbai city-Mumbai-Wheat-KG-Retail-INR,0.23
1996-11-15,Maharashtra-Mumbai city-Mumbai-Wheat-KG-Retail-INR,0.24
1996-12-15,Maharashtra-Mumbai city-Mumbai-Wheat-KG-Retail-INR,0.28
1996-12-15,Maharashtra-Mumbai city-Mumbai-Wheat-KG-Retail-INR,0.28
1996-12-15,Maharashtra-Mumbai city-Mumbai-Wheat-KG-Retail-INR,0.28
1997-01-15,Maharashtra-Mumbai city-Mumbai-Wheat-KG-Retail-INR,0.34
1997-02-15,Maharashtra-Mumbai city-Mumbai-Wheat-KG-Retail-INR,0.26
1997-02-15,Maharashtra-Mumbai city-Mumbai-Wheat-KG-Retail-INR,0.26
1997-03-15,Maharashtra-Mumbai city-Mumbai-Wheat-KG-Retail-INR,0.28
1997-03-15,Maharashtra-Mumbai city-Mumbai-Wheat-KG-Retail-INR,0.28
1997-04-15,Maharashtra-Mumbai city-Mumbai-Wheat-KG-Retail-INR,0.25
1997-04-15,Maharashtra-Mumbai city-Mumbai-Wheat-KG-Retail-INR,0.25
1997-05-15,Maharashtra-Mumbai city-Mumbai-Wheat-KG-Retail-INR,0.25
1997-06-15,Maharashtra-Mumbai city-Mumbai-Wheat-KG-Retail-INR,0.25
1997-07-15,Maharashtra-Mumbai city-Mumbai-Wheat-KG-Retail-INR,0.25
1997-08-15,Maharashtra-Mumbai city-Mumbai-Wheat-KG-Retail-INR,0.25
1997-09-15,Maharashtra-Mumbai city-Mumbai-Wheat-KG-Retail-INR,0.25
1997-10-15,Maharashtra-Mumbai city-Mumbai-Wheat-KG-Retail-INR,0.25
1997-11-15,Maharashtra-Mumbai city-Mumbai-Wheat-KG-Retail-INR,0.25
1997-12-15,Maharashtra-Mumbai city-Mumbai-Wheat-KG-Retail-INR,0.25
1998-01-15,Maharashtra-Mumbai city-Mumbai-Wheat-KG-Retail-INR,0.32
1998-02-15,Maharashtra-Mumbai city-Mumbai-Wheat-KG-Retail-INR,0.34
1998-03-15,Maharashtra-Mumbai city-Mumbai-Wheat-KG-Retail-INR,0.33
1998-03-15,Maharashtra-Mumbai city-Mumbai-Wheat-KG-Retail-INR,0.33
1998-04-15,Maharashtra-Mumbai city-Mumbai-Wheat-KG-Retail-INR,0.3
1998-05-15,Maharashtra-Mumbai city-Mumbai-Wheat-KG-Retail-INR,0.3
1998-06-15,Maharashtra-Mumbai city-Mumbai-Wheat-KG-Retail-INR,0.28
1998-06-15,Maharashtra-Mumbai city-Mumbai-Wheat-KG-Retail-INR,0.28
1998-07-15,Maharashtra-Mumbai city-Mumbai-Wheat-KG-Retail-INR,0.28
1998-08-15,Maharashtra-Mumbai city-Mumbai-Wheat-KG-Retail-INR,0.28
1998-09-15,Maharashtra-Mumbai city-Mumbai-Wheat-KG-Retail-INR,0.28
1998-10-15,Maharashtra-Mumbai city-Mumbai-Wheat-KG-Retail-INR,0.28
1998-11-15,Maharashtra-Mumbai city-Mumbai-Wheat-KG-Retail-INR,0.28
1998-12-15,Maharashtra-Mumbai city-Mumbai-Wheat-KG-Retail-INR,0.28
1999-01-15,Maharashtra-Mumbai city-Mumbai-Wheat-KG-Retail-INR,0.28
1999-01-15,Maharashtra-Mumbai city-Mumbai-Wheat-KG-Retail-INR,0.28
1999-02-15,Maharashtra-Mumbai city-Mumbai-Wheat-KG-Retail-INR,0.28
1999-02-15,Maharashtra-Mumbai city-Mumbai-Wheat-KG-Retail-INR,0.28
1999-03-15,Maharashtra-Mumbai city-Mumbai-Wheat-KG-Retail-INR,0.22
1999-04-15,Maharashtra-Mumbai city-Mumbai-Wheat-KG-Retail-INR,0.22
1999-05-15,Maharashtra-Mumbai city-Mumbai-Wheat-KG-Retail-INR,0.22
1999-05-15,Maharashtra-Mumbai city-Mumbai-Wheat-KG-Retail-INR,0.22
1999-06-15,Maharashtra-Mumbai city-Mumbai-Wheat-KG-Retail-INR,0.21
1999-07-15,Maharashtra-Mumbai city-Mumbai-Wheat-KG-Retail-INR,0.21
1999-08-15,Maharashtra-Mumbai city-Mumbai-Wheat-KG-Retail-INR,0.21
1999-08-15,Maharashtra-Mumbai city-Mumbai-Wheat-KG-Retail-INR,0.21
1999-09-15,Maharashtra-Mumbai city-Mumbai-Wheat-KG-Retail-INR,0.21
1999-09-15,Maharashtra-Mumbai city-Mumbai-Wheat-KG-Retail-INR,0.21
1999-10-15,Maharashtra-Mumbai city-Mumbai-Wheat-KG-Retail-INR,0.23
1999-10-15,Maharashtra-Mumbai city-Mumbai-Wheat-KG-Retail-INR,0.23
1999-11-15,Maharashtra-Mumbai city-Mumbai-Wheat-KG-Retail-INR,0.23
1999-11-15,Maharashtra-Mumbai city-Mumbai-Wheat-KG-Retail-INR,0.23
1999-11-15,Maharashtra-Mumbai city-Mumbai-Wheat-KG-Retail-INR,0.23
1999-11-15,Maharashtra-Mumbai city-Mumbai-Wheat-KG-Retail-INR,0.23
1999-12-15,Maharashtra-Mumbai city-Mumbai-Wheat-KG-Retail-INR,0.23
2000-01-15,Maharashtra-Mumbai city-Mumbai-Wheat-KG-Retail-INR,0.24
2000-02-15,Maharashtra-Mumbai city-Mumbai-Wheat-KG-Retail-INR,0.24
2000-03-15,Maharashtra-Mumbai city-Mumbai-Wheat-KG-Retail-INR,0.22
2000-04-15,Maharashtra-Mumbai city-Mumbai-Wheat-KG-Retail-INR,0.24
2000-05-15,Maharashtra-Mumbai city-Mumbai-Wheat-KG-Retail-INR,0.24
2000-06-15,Maharashtra-Mumbai city-Mumbai-Wheat-KG-Retail-INR,0.24
2000-07-15,Maharashtra-Mumbai city-Mumbai-Wheat-KG-Retail-INR,0.24
2000-08-15,Maharashtra-Mumbai city-Mumbai-Wheat-KG-Retail-INR,0.23
2000-09-15,Maharashtra-Mumbai city-Mumbai-Wheat-KG-Retail-INR,0.23
2000-10-15,Maharashtra-Mumbai city-Mumbai-Wheat-KG-Retail-INR,0.23
2000-11-15,Maharashtra-Mumbai city-Mumbai-Wheat-KG-Retail-INR,0.22
2000-12-15,Maharashtra-Mumbai city-Mumbai-Wheat-KG-Retail-INR,0.22
2001-01-15,Maharashtra-Mumbai city-Mumbai-Wheat-KG-Retail-INR,0.22
2001-02-15,Maharashtra-Mumbai city-Mumbai-Wheat-KG-Retail-INR,0.22
2001-02-15,Maharashtra-Mumbai city-Mumbai-Wheat-KG-Retail-INR,0.22
2001-03-15,Maharashtra-Mumbai city-Mumbai-Wheat-KG-Retail-INR,0.22
2001-04-15,Maharashtra-Mumbai city-Mumbai-Wheat-KG-Retail-INR,0.22
2001-05-15,Maharashtra-Mumbai city-Mumbai-Wheat-KG-Retail-INR,0.22
2001-06-15,Maharashtra-Mumbai city-Mumbai-Wheat-KG-Retail-INR,0.22
2001-07-15,Maharashtra-Mumbai city-Mumbai-Wheat-KG-Retail-INR,0.22
2001-08-15,Maharashtra-Mumbai city-Mumbai-Wheat-KG-Retail-INR,0.22
2001-08-15,Maharashtra-Mumbai city-Mumbai-Wheat-KG-Retail-INR,0.22
2001-08-15,Maharashtra-Mumbai city-Mumbai-Wheat-KG-Retail-INR,0.22
2001-08-15,Maharashtra-Mumbai city-Mumbai-Wheat-KG-Retail-INR,0.22
2001-08-15,Maharashtra-Mumbai city-Mumbai-Wheat-KG-Retail-INR,0.22
2001-09-15,Maharashtra-Mumbai city-Mumbai-Wheat-KG-Retail-INR,0.21
2001-10-15,Maharashtra-Mumbai city-Mumbai-Wheat-KG-Retail-INR,0.21
2001-11-15,Maharashtra-Mumbai city-Mumbai-Wheat-KG-Retail-INR,0.21
2001-12-15,Maharashtra-Mumbai city-Mumbai-Wheat-KG-Retail-INR,0.21
2002-01-15,Maharashtra-Mumbai city-Mumbai-Wheat-KG-Retail-INR,0.21
2002-02-15,Maharashtra-Mumbai city-Mumbai-Wheat-KG-Retail-INR,0.21
2002-03-15,Maharashtra-Mumbai city-Mumbai-Wheat-KG-Retail-INR,0.21
2002-04-15,Maharashtra-Mumbai city-Mumbai-Wheat-KG-Retail-INR,0.24
2002-05-15,Maharashtra-Mumbai city-Mumbai-Wheat-KG-Retail-INR,0.23
2002-06-15,Maharashtra-Mumbai city-Mumbai-Wheat-KG-Retail-INR,0.24
2002-07-15,Maharashtra-Mumbai city-Mumbai-Wheat-KG-Retail-INR,0.24
2002-08-15,Maharashtra-Mumbai city-Mumbai-Wheat-KG-Retail-INR,0.24
2002-09-15,Maharashtra-Mumbai city-Mumbai-Wheat-KG-Retail-INR,0.24
2002-10-15,Maharashtra-Mumbai city-Mumbai-Wheat-KG-Retail-INR,0.24
2002-11-15,Maharashtra-Mumbai city-Mumbai-Wheat-KG-Retail-INR,0.24
2002-12-15,Maharashtra-Mumbai city-Mumbai-Wheat-KG-Retail-INR,0.24
2002-12-15,Maharashtra-Mumbai city-Mumbai-Wheat-KG-Retail-INR,0.24
2003-01-15,Maharashtra-Mumbai city-Mumbai-Wheat-KG-Retail-INR,0.22
2003-02-15,Maharashtra-Mumbai city-Mumbai-Wheat-KG-Retail-INR,0.22
2003-03-15,Maharashtra-Mumbai city-Mumbai-Wheat-KG-Retail-INR,0.22
2003-04-15,Maharashtra-Mumbai city-Mumbai-Wheat-KG-Retail-INR,0.22
2003-05-15,Maharashtra-Mumbai city-Mumbai-Wheat-KG-Retail-INR,0.22
2003-06-15,Maharashtra-Mumbai city-Mumbai-Wheat-KG-Retail-INR,0.23
2003-07-15,Maharashtra-Mumbai city-Mumbai-Wheat-KG-Retail-INR,0.23
2003-08-15,Maharashtra-Mumbai city-Mumbai-Wheat-KG-Retail-INR,0.23
2003-09-15,Maharashtra-Mumbai city-Mumbai-Wheat-KG-Retail-INR,0.23
2003-10-15,Maharashtra-Mumbai city-Mumbai-Wheat-KG-Retail-INR,0.23
2003-11-15,Maharashtra-Mumbai city-Mumbai-Wheat-KG-Retail-INR,0.23
2003-12-15,Maharashtra-Mumbai city-Mumbai-Wheat-KG-Retail-INR,0.23
2004-01-15,Maharashtra-Mumbai city-Mumbai-Wheat-KG-Retail-INR,0.23
2004-02-15,Maharashtra-Mumbai city-Mumbai-Wheat-KG-Retail-INR,0.23
2004-03-15,Maharashtra-Mumbai city-Mumbai-Wheat-KG-Retail-INR,0.23
2004-04-15,Maharashtra-Mumbai city-Mumbai-Wheat-KG-Retail-INR,0.24
2004-05-15,Maharashtra-Mumbai city-Mumbai-Wheat-KG-Retail-INR,0.23
2004-05-15,Maharashtra-Mumbai city-Mumbai-Wheat-KG-Retail-INR,0.23
2004-06-15,Maharashtra-Mumbai city-Mumbai-Wheat-KG-Retail-INR,0.23
2004-07-15,Maharashtra-Mumbai city-Mumbai-Wheat-KG-Retail-INR,0.23
2004-08-15,Maharashtra-Mumbai city-Mumbai-Wheat-KG-Retail-INR,0.23
2004-08-15,Maharashtra-Mumbai city-Mumbai-Wheat-KG-Retail-INR,0.23
2004-09-15,Maharashtra-Mumbai city-Mumbai-Wheat-KG-Retail-INR,0.23
2004-10-15,Maharashtra-Mumbai city-Mumbai-Wheat-KG-Retail-INR,0.23
2004-11-15,Maharashtra-Mumbai city-Mumbai-Wheat-KG-Retail-INR,0.23
2004-12-15,Maharashtra-Mumbai city-Mumbai-Wheat-KG-Retail-INR,0.24
2005-01-15,Maharashtra-Mumbai city-Mumbai-Wheat-KG-Retail-INR,0.28
2005-01-15,Maharashtra-Mumbai city-Mumbai-Wheat-KG-Retail-INR,0.28
2005-02-15,Maharashtra-Mumbai city-Mumbai-Wheat-KG-Retail-INR,0.25
2005-03-15,Maharashtra-Mumbai city-Mumbai-Wheat-KG-Retail-INR,0.25
2005-04-15,Maharashtra-Mumbai city-Mumbai-Wheat-KG-Retail-INR,0.25
2005-05-15,Maharashtra-Mumbai city-Mumbai-Wheat-KG-Retail-INR,0.26
2005-05-15,Maharashtra-Mumbai city-Mumbai-Wheat-KG-Retail-INR,0.26
2005-06-15,Maharashtra-Mumbai city-Mumbai-Wheat-KG-Retail-INR,0.26
2005-07-15,Maharashtra-Mumbai city-Mumbai-Wheat-KG-Retail-INR,0.26
2005-08-15,Maharashtra-Mumbai city-Mumbai-Wheat-KG-Retail-INR,0.25
2005-09-15,Maharashtra-Mumbai city-Mumbai-Wheat-KG-Retail-INR,0.26
2005-10-15,Maharashtra-Mumbai city-Mumbai-Wheat-KG-Retail-INR,0.26
2005-11-15,Maharashtra-Mumbai city-Mumbai-Wheat-KG-Retail-INR,0.25
2005-11-15,Maharashtra-Mumbai city-Mumbai-Wheat-KG-Retail-INR,0.25
2005-12-15,Maharashtra-Mumbai city-Mumbai-Wheat-KG-Retail-INR,0.27
2006-01-15,Maharashtra-Mumbai city-Mumbai-Wheat-KG-Retail-INR,0.28
2006-01-15,Maharashtra-Mumbai city-Mumbai-Wheat-KG-Retail-INR,0.28
2006-02-15,Maharashtra-Mumbai city-Mumbai-Wheat-KG-Retail-INR,0.28
2006-03-15,Maharashtra-Mumbai city-Mumbai-Wheat-KG-Retail-INR,0.28
2006-04-15,Maharashtra-Mumbai city-Mumbai-Wheat-KG-Retail-INR,0.3
2006-05-15,Maharashtra-Mumbai city-Mumbai-Wheat-KG-Retail-INR,0.3
2006-06-15,Maharashtra-Mumbai city-Mumbai-Wheat-KG-Retail-INR,0.31
2006-07-15,Maharashtra-Mumbai city-Mumbai-Wheat-KG-Retail-INR,0.3
2006-08-15,Maharashtra-Mumbai city-Mumbai-Wheat-KG-Retail-INR,0.3
2006-09-15,Maharashtra-Mumbai city-Mumbai-Wheat-KG-Retail-INR,0.32
2006-10-15,Maharashtra-Mumbai city-Mumbai-Wheat-KG-Retail-INR,0.34
2006-11-15,Maharashtra-Mumbai city-Mumbai-Wheat-KG-Retail-INR,0.35
2006-12-15,Maharashtra-Mumbai city-Mumbai-Wheat-KG-Retail-INR,0.37
2007-01-15,Maharashtra-Mumbai city-Mumbai-Wheat-KG-Retail-INR,0.37
2007-02-15,Maharashtra-Mumbai city-Mumbai-Wheat-KG-Retail-INR,0.36
2007-03-15,Maharashtra-Mumbai city-Mumbai-Wheat-KG-Retail-INR,0.28
2007-04-15,Maharashtra-Mumbai city-Mumbai-Wheat-KG-Retail-INR,0.33
2007-04-15,Maharashtra-Mumbai city-Mumbai-Wheat-KG-Retail-INR,0.33
2007-04-15,Maharashtra-Mumbai city-Mumbai-Wheat-KG-Retail-INR,0.33
2007-05-15,Maharashtra-Mumbai city-Mumbai-Wheat-KG-Retail-INR,0.35
2007-06-15,Maharashtra-Mumbai city-Mumbai-Wheat-KG-Retail-INR,0.34
2007-07-15,Maharashtra-Mumbai city-Mumbai-Wheat-KG-Retail-INR,0.36
2007-08-15,Maharashtra-Mumbai city-Mumbai-Wheat-KG-Retail-INR,0.37
2007-09-15,Maharashtra-Mumbai city-Mumbai-Wheat-KG-Retail-INR,0.37
2007-09-15,Maharashtra-Mumbai city-Mumbai-Wheat-KG-Retail-INR,0.37
2007-10-15,Maharashtra-Mumbai city-Mumbai-Wheat-KG-Retail-INR,0.37
2007-11-15,Maharashtra-Mumbai city-Mumbai-Wheat-KG-Retail-INR,0.38
2007-12-15,Maharashtra-Mumbai city-Mumbai-Wheat-KG-Retail-INR,0.39
2008-01-15,Maharashtra-Mumbai city-Mumbai-Wheat-KG-Retail-INR,0.4
2008-02-15,Maharashtra-Mumbai city-Mumbai-Wheat-KG-Retail-INR,0.39
2008-02-15,Maharashtra-Mumbai city-Mumbai-Wheat-KG-Retail-INR,0.39
2008-03-15,Maharashtra-Mumbai city-Mumbai-Wheat-KG-Retail-INR,0.38
2008-04-15,Maharashtra-Mumbai city-Mumbai-Wheat-KG-Retail-INR,0.39
2008-05-15,Maharashtra-Mumbai city-Mumbai-Wheat-KG-Retail-INR,0.36
2008-06-15,Maharashtra-Mumbai city-Mumbai-Wheat-KG-Retail-INR,0.36
2008-07-15,Maharashtra-Mumbai city-Mumbai-Wheat-KG-Retail-INR,0.36
2008-08-15,Maharashtra-Mumbai city-Mumbai-Wheat-KG-Retail-INR,0.35
2008-09-15,Maharashtra-Mumbai city-Mumbai-Wheat-KG-Retail-INR,0.33
2008-10-15,Maharashtra-Mumbai city-Mumbai-Wheat-KG-Retail-INR,0.31
2008-11-15,Maharashtra-Mumbai city-Mumbai-Wheat-KG-Retail-INR,0.31
2008-12-15,Maharashtra-Mumbai city-Mumbai-Wheat-KG-Retail-INR,0.34
2009-01-15,Maharashtra-Mumbai city-Mumbai-Wheat-KG-Retail-INR,0.33
2009-02-15,Maharashtra-Mumbai city-Mumbai-Wheat-KG-Retail-INR,0.31
2009-03-15,Maharashtra-Mumbai city-Mumbai-Wheat-KG-Retail-INR,0.31
2009-04-15,Maharashtra-Mumbai city-Mumbai-Wheat-KG-Retail-INR,0.3
2009-05-15,Maharashtra-Mumbai city-Mumbai-Wheat-KG-Retail-INR,0.3
2009-06-15,Maharashtra-Mumbai city-Mumbai-Wheat-KG-Retail-INR,0.32
2009-07-15,Maharashtra-Mumbai city-Mumbai-Wheat-KG-Retail-INR,0.35
2009-07-15,Maharashtra-Mumbai city-Mumbai-Wheat-KG-Retail-INR,0.35
2009-08-15,Maharashtra-Mumbai city-Mumbai-Wheat-KG-Retail-INR,0.35
2009-09-15,Maharashtra-Mumbai city-Mumbai-Wheat-KG-Retail-INR,0.36
2009-10-15,Maharashtra-Mumbai city-Mumbai-Wheat-KG-Retail-INR,0.38
2009-11-15,Maharashtra-Mumbai city-Mumbai-Wheat-KG-Retail-INR,0.41
2009-12-15,Maharashtra-Mumbai city-Mumbai-Wheat-KG-Retail-INR,0.43
2010-01-15,Maharashtra-Mumbai city-Mumbai-Wheat-KG-Retail-INR,0.46
2010-02-15,Maharashtra-Mumbai city-Mumbai-Wheat-KG-Retail-INR,0.41
2010-03-15,Maharashtra-Mumbai city-Mumbai-Wheat-KG-Retail-INR,0.43
2010-04-15,Maharashtra-Mumbai city-Mumbai-Wheat-KG-Retail-INR,0.41
2010-05-15,Maharashtra-Mumbai city-Mumbai-Wheat-KG-Retail-INR,0.42
2010-06-15,Maharashtra-Mumbai city-Mumbai-Wheat-KG-Retail-INR,0.41
2010-07-15,Maharashtra-Mumbai city-Mumbai-Wheat-KG-Retail-INR,0.41
2010-08-15,Maharashtra-Mumbai city-Mumbai-Wheat-KG-Retail-INR,0.41
2010-09-15,Maharashtra-Mumbai city-Mumbai-Wheat-KG-Retail-INR,0.43
2010-10-15,Maharashtra-Mumbai city-Mumbai-Wheat-KG-Retail-INR,0.48
2010-11-15,Maharashtra-Mumbai city-Mumbai-Wheat-KG-Retail-INR,0.44
2010-12-15,Maharashtra-Mumbai city-Mumbai-Wheat-KG-Retail-INR,0.44
2011-01-15,Maharashtra-Mumbai city-Mumbai-Wheat-KG-Retail-INR,0.48
2011-02-15,Maharashtra-Mumbai city-Mumbai-Wheat-KG-Retail-INR,0.46
2011-03-15,Maharashtra-Mumbai city-Mumbai-Wheat-KG-Retail-INR,0.4
2011-04-15,Maharashtra-Mumbai city-Mumbai-Wheat-KG-Retail-INR,0.47
2011-04-15,Maharashtra-Mumbai city-Mumbai-Wheat-KG-Retail-INR,0.47
2011-05-15,Maharashtra-Mumbai city-Mumbai-Wheat-KG-Retail-INR,0.45
2011-05-15,Maharashtra-Mumbai city-Mumbai-Wheat-KG-Retail-INR,0.45
2011-06-15,Maharashtra-Mumbai city-Mumbai-Wheat-KG-Retail-INR,0.47
2011-07-15,Maharashtra-Mumbai city-Mumbai-Wheat-KG-Retail-INR,0.47
2011-08-15,Maharashtra-Mumbai city-Mumbai-Wheat-KG-Retail-INR,0.46
2011-09-15,Maharashtra-Mumbai city-Mumbai-Wheat-KG-Retail-INR,0.47
2011-10-15,Maharashtra-Mumbai city-Mumbai-Wheat-KG-Retail-INR,0.43
2011-11-15,Maharashtra-Mumbai city-Mumbai-Wheat-KG-Retail-INR,0.41
2011-12-15,Maharashtra-Mumbai city-Mumbai-Wheat-KG-Retail-INR,0.39
2012-01-15,Maharashtra-Mumbai city-Mumbai-Wheat-KG-Retail-INR,0.41
2012-02-15,Maharashtra-Mumbai city-Mumbai-Wheat-KG-Retail-INR,0.43
2012-03-15,Maharashtra-Mumbai city-Mumbai-Wheat-KG-Retail-INR,0.42
2012-04-15,Maharashtra-Mumbai city-Mumbai-Wheat-KG-Retail-INR,0.41
2012-05-15,Maharashtra-Mumbai city-Mumbai-Wheat-KG-Retail-INR,0.45
2012-06-15,Maharashtra-Mumbai city-Mumbai-Wheat-KG-Retail-INR,0.42
2012-06-15,Maharashtra-Mumbai city-Mumbai-Wheat-KG-Retail-INR,0.42
2012-06-15,Maharashtra-Mumbai city-Mumbai-Wheat-KG-Retail-INR,0.42
2012-07-15,Maharashtra-Mumbai city-Mumbai-Wheat-KG-Retail-INR,0.44
2012-08-15,Maharashtra-Mumbai city-Mumbai-Wheat-KG-Retail-INR,0.47
2012-09-15,Maharashtra-Mumbai city-Mumbai-Wheat-KG-Retail-INR,0.44
2012-09-15,Maharashtra-Mumbai city-Mumbai-Wheat-KG-Retail-INR,0.44
2012-10-15,Maharashtra-Mumbai city-Mumbai-Wheat-KG-Retail-INR,0.47
2012-10-15,Maharashtra-Mumbai city-Mumbai-Wheat-KG-Retail-INR,0.47
2012-10-15,Maharashtra-Mumbai city-Mumbai-Wheat-KG-Retail-INR,0.47
2012-11-15,Maharashtra-Mumbai city-Mumbai-Wheat-KG-Retail-INR,0.44
2012-12-15,Maharashtra-Mumbai city-Mumbai-Wheat-KG-Retail-INR,0.49
2013-01-15,Maharashtra-Mumbai city-Mumbai-Wheat-KG-Retail-INR,0.51
2013-01-15,Maharashtra-Mumbai city-Mumbai-Wheat-KG-Retail-INR,0.51
2013-02-15,Maharashtra-Mumbai city-Mumbai-Wheat-KG-Retail-INR,0.52
2013-02-15,Maharashtra-Mumbai city-Mumbai-Wheat-KG-Retail-INR,0.52
2013-03-15,Maharashtra-Mumbai city-Mumbai-Wheat-KG-Retail-INR,0.52
2013-04-15,Maharashtra-Mumbai city-Mumbai-Wheat-KG-Retail-INR,0.48
2013-05-15,Maharashtra-Mumbai city-Mumbai-Wheat-KG-Retail-INR,0.47
2013-06-15,Maharashtra-Mumbai city-Mumbai-Wheat-KG-Retail-INR,0.45
2013-07-15,Maharashtra-Mumbai city-Mumbai-Wheat-KG-Retail-INR,0.43
2013-08-15,Maharashtra-Mumbai city-Mumbai-Wheat-KG-Retail-INR,0.42
2013-09-15,Maharashtra-Mumbai city-Mumbai-Wheat-KG-Retail-INR,0.41
2013-10-15,Maharashtra-Mumbai city-Mumbai-Wheat-KG-Retail-INR,0.43
2013-11-15,Maharashtra-Mumbai city-Mumbai-Wheat-KG-Retail-INR,0.44
2013-12-15,Maharashtra-Mumbai city-Mumbai-Wheat-KG-Retail-INR,0.47
2014-01-15,Maharashtra-Mumbai city-Mumbai-Wheat-KG-Retail-INR,0.45
2014-02-15,Maharashtra-Mumbai city-Mumbai-Wheat-KG-Retail-INR,0.45
2014-02-15,Maharashtra-Mumbai city-Mumbai-Wheat-KG-Retail-INR,0.45
2014-03-15,Maharashtra-Mumbai city-Mumbai-Wheat-KG-Retail-INR,0.44
2014-04-15,Maharashtra-Mumbai city-Mumbai-Wheat-KG-Retail-INR,0.43
2014-05-15,Maharashtra-Mumbai city-Mumbai-Wheat-KG-Retail-INR,0.44
2014-06-15,Maharashtra-Mumbai city-Mumbai-Wheat-KG-Retail-INR,0.43
2014-07-15,Maharashtra-Mumbai city-Mumbai-Wheat-KG-Retail-INR,0.4
2014-08-15,Maharashtra-Mumbai city-Mumbai-Wheat-KG-Retail-INR,0.41
2014-09-15,Maharashtra-Mumbai city-Mumbai-Wheat-KG-Retail-INR,0.44
2014-09-15,Maharashtra-Mumbai city-Mumbai-Wheat-KG-Retail-INR,0.44
2014-10-15,Maharashtra-Mumbai city-Mumbai-Wheat-KG-Retail-INR,0.44
2014-11-15,Maharashtra-Mumbai city-Mumbai-Wheat-KG-Retail-INR,0.44
2014-12-15,Maharashtra-Mumbai city-Mumbai-Wheat-KG-Retail-INR,0.43
2015-01-15,Maharashtra-Mumbai city-Mumbai-Wheat-KG-Retail-INR,0.44
2015-02-15,Maharashtra-Mumbai city-Mumbai-Wheat-KG-Retail-INR,0.43
2015-02-15,Maharashtra-Mumbai city-Mumbai-Wheat-KG-Retail-INR,0.43
2015-03-15,Maharashtra-Mumbai city-Mumbai-Wheat-KG-Retail-INR,0.43
2015-04-15,Maharashtra-Mumbai city-Mumbai-Wheat-KG-Retail-INR,0.43
2015-05-15,Maharashtra-Mumbai city-Mumbai-Wheat-KG-Retail-INR,0.43
2015-06-15,Maharashtra-Mumbai city-Mumbai-Wheat-KG-Retail-INR,0.44
2015-07-15,Maharashtra-Mumbai city-Mumbai-Wheat-KG-Retail-INR,0.44
2015-08-15,Maharashtra-Mumbai city-Mumbai-Wheat-KG-Retail-INR,0.44
2015-09-15,Maharashtra-Mumbai city-Mumbai-Wheat-KG-Retail-INR,0.44
2015-10-15,Maharashtra-Mumbai city-Mumbai-Wheat-KG-Retail-INR,0.45
2015-11-15,Maharashtra-Mumbai city-Mumbai-Wheat-KG-Retail-INR,0.44
2015-12-15,Maharashtra-Mumbai city-Mumbai-Wheat-KG-Retail-INR,0.43
2016-01-15,Maharashtra-Mumbai city-Mumbai-Wheat-KG-Retail-INR,0.47
2016-02-15,Maharashtra-Mumbai city-Mumbai-Wheat-KG-Retail-INR,0.49
2016-03-15,Maharashtra-Mumbai city-Mumbai-Wheat-KG-Retail-INR,0.49
2016-03-15,Maharashtra-Mumbai city-Mumbai-Wheat-KG-Retail-INR,0.49
2016-03-15,Maharashtra-Mumbai city-Mumbai-Wheat-KG-Retail-INR,0.49
2016-04-15,Maharashtra-Mumbai city-Mumbai-Wheat-KG-Retail-INR,0.48
2016-05-15,Maharashtra-Mumbai city-Mumbai-Wheat-KG-Retail-INR,0.48
2016-06-15,Maharashtra-Mumbai city-Mumbai-Wheat-KG-Retail-INR,0.48
2016-07-15,Maharashtra-Mumbai city-Mumbai-Wheat-KG-Retail-INR,0.49
2016-08-15,Maharashtra-Mumbai city-Mumbai-Wheat-KG-Retail-INR,0.49
2016-09-15,Maharashtra-Mumbai city-Mumbai-Wheat-KG-Retail-INR,0.49
2016-10-15,Maharashtra-Mumbai city-Mumbai-Wheat-KG-Retail-INR,0.49
2016-10-15,Maharashtra-Mumbai city-Mumbai-Wheat-KG-Retail-INR,0.49
2016-11-15,Maharashtra-Mumbai city-Mumbai-Wheat-KG-Retail-INR,0.5
2016-12-15,Maharashtra-Mumbai city-Mumbai-Wheat-KG-Retail-INR,0.49
2017-01-15,Maharashtra-Mumbai city-Mumbai-Wheat-KG-Retail-INR,0.46
2017-02-15,Maharashtra-Mumbai city-Mumbai-Wheat-KG-Retail-INR,0.48
2017-03-15,Maharashtra-Mumbai city-Mumbai-Wheat-KG-Retail-INR,0.47
2017-04-15,Maharashtra-Mumbai city-Mumbai-Wheat-KG-Retail-INR,0.47
2017-05-15,Maharashtra-Mumbai city-Mumbai-Wheat-KG-Retail-INR,0.47
2017-06-15,Maharashtra-Mumbai city-Mumbai-Wheat-KG-Retail-INR,0.46
2017-07-15,Maharashtra-Mumbai city-Mumbai-Wheat-KG-Retail-INR,0.47
2017-08-15,Maharashtra-Mumbai city-Mumbai-Wheat-KG-Retail-INR,0.47
2017-09-15,Maharashtra-Mumbai city-Mumbai-Wheat-KG-Retail-INR,0.47
2017-09-15,Maharashtra-Mumbai city-Mumbai-Wheat-KG-Retail-INR,0.47
2017-09-15,Maharashtra-Mumbai city-Mumbai-Wheat-KG-Retail-INR,0.47
2017-10-15,Maharashtra-Mumbai city-Mumbai-Wheat-KG-Retail-INR,0.46
2017-11-15,Maharashtra-Mumbai city-Mumbai-Wheat-KG-Retail-INR,0.46
2017-11-15,Maharashtra-Mumbai city-Mumbai-Wheat-KG-Retail-INR,0.46
2017-11-15,Maharashtra-Mumbai city-Mumbai-Wheat-KG-Retail-INR,0.46
2017-12-15,Maharashtra-Mumbai city-Mumbai-Wheat-KG-Retail-INR,0.48
2017-12-15,Maharashtra-Mumbai city-Mumbai-Wheat-KG-Retail-INR,0.48
2018-01-15,Maharashtra-Mumbai city-Mumbai-Wheat-KG-Retail-INR,0.47
2018-02-15,Maharashtra-Mumbai city-Mumbai-Wheat-KG-Retail-INR,0.48
2018-02-15,Maharashtra-Mumbai city-Mumbai-Wheat-KG-Retail-INR,0.48
2018-02-15,Maharashtra-Mumbai city-Mumbai-Wheat-KG-Retail-INR,0.48
2018-03-15,Maharashtra-Mumbai city-Mumbai-Wheat-KG-Retail-INR,0.46
2018-04-15,Maharashtra-Mumbai city-Mumbai-Wheat-KG-Retail-INR,0.44
2018-05-15,Maharashtra-Mumbai city-Mumbai-Wheat-KG-Retail-INR,0.45
2018-06-15,Maharashtra-Mumbai city-Mumbai-Wheat-KG-Retail-INR,0.46
2018-07-15,Maharashtra-Mumbai city-Mumbai-Wheat-KG-Retail-INR,0.44
2018-08-15,Maharashtra-Mumbai city-Mumbai-Wheat-KG-Retail-INR,0.45
2018-08-15,Maharashtra-Mumbai city-Mumbai-Wheat-KG-Retail-INR,0.45
2018-09-15,Maharashtra-Mumbai city-Mumbai-Wheat-KG-Retail-INR,0.43
2018-10-15,Maharashtra-Mumbai city-Mumbai-Wheat-KG-Retail-INR,0.42
2018-10-15,Maharashtra-Mumbai city-Mumbai-Wheat-KG-Retail-INR,0.42
2018-11-15,Maharashtra-Mumbai city-Mumbai-Wheat-KG-Retail-INR,0.45
2018-12-15,Maharashtra-Mumbai city-Mumbai-Wheat-KG-Retail-INR,0.48
2019-01-15,Maharashtra-Mumbai city-Mumbai-Wheat-KG-Retail-INR,0.48
2019-01-15,Maharashtra-Mumbai city-Mumbai-Wheat-KG-Retail-INR,0.48
2019-01-15,Maharashtra-Mumbai city-Mumbai-Wheat-KG-Retail-INR,0.48
2019-01-15,Maharashtra-Mumbai city-Mumbai-Wheat-KG-Retail-INR,0.48
2019-02-15,Maharashtra-Mumbai city-Mumbai-Wheat-KG-Retail-INR,0.49
2019-03-15,Maharashtra-Mumbai city-Mumbai-Wheat-KG-Retail-INR,0.48
2019-04-15,Maharashtra-Mumbai city-Mumbai-Wheat-KG-Retail-INR,0.45
2019-05-15,Maharashtra-Mumbai city-Mumbai-Wheat-KG-Retail-INR,0.46
2019-05-15,Maharashtra-Mumbai city-Mumbai-Wheat-KG-Retail-INR,0.46
2019-06-15,Maharashtra-Mumbai city-Mumbai-Wheat-KG-Retail-INR,0.49
2019-07-15,Maharashtra-Mumbai city-Mumbai-Wheat-KG-Retail-INR,0.5
2019-07-15,Maharashtra-Mumbai city-Mumbai-Wheat-KG-Retail-INR,0.5
2019-08-15,Maharashtra-Mumbai city-Mumbai-Wheat-KG-Retail-INR,0.47
2019-08-15,Maharashtra-Mumbai city-Mumbai-Wheat-KG-Retail-INR,0.47
2019-09-15,Maharashtra-Mumbai city-Mumbai-Wheat-KG-Retail-INR,0.48
2019-10-15,Maharashtra-Mumbai city-Mumbai-Wheat-KG-Retail-INR,0.48
2019-11-15,Maharashtra-Mumbai city-Mumbai-Wheat-KG-Retail-INR,0.46
2019-11-15,Maharashtra-Mumbai city-Mumbai-Wheat-KG-Retail-INR,0.46
2019-11-15,Maharashtra-Mumbai city-Mumbai-Wheat-KG-Retail-INR,0.46
2019-12-15,Maharashtra-Mumbai city-Mumbai-Wheat-KG-Retail-INR,0.46
2020-01-15,Maharashtra-Mumbai city-Mumbai-Wheat-KG-Retail-INR,0.48
2020-02-15,Maharashtra-Mumbai city-Mumbai-Wheat-KG-Retail-INR,0.49
2020-02-15,Maharashtra-Mumbai city-Mumbai-Wheat-KG-Retail-INR,0.49
2020-02-15,Maharashtra-Mumbai city-Mumbai-Wheat-KG-Retail-INR,0.49
2020-03-15,Maharashtra-Mumbai city-Mumbai-Wheat-KG-Retail-INR,0.45
2020-04-15,Maharashtra-Mumbai city-Mumbai-Wheat-KG-Retail-INR,0.44
2020-05-15,Maharashtra-Mumbai city-Mumbai-Wheat-KG-Retail-INR,0.46
2020-06-15,Maharashtra-Mumbai city-Mumbai-Wheat-KG-Retail-INR,0.46
2020-07-15,Maharashtra-Mumbai city-Mumbai-Wheat-KG-Retail-INR,0.44
2020-07-15,Maharashtra-Mumbai city-Mumbai-Wheat-KG-Retail-INR,0.44
2020-08-15,Maharashtra-Mumbai city-Mumbai-Wheat-KG-Retail-INR,0.43
2020-09-15,Maharashtra-Mumbai city-Mumbai-Wheat-KG-Retail-INR,0.4
2020-09-15,Maharashtra-Mumbai city-Mumbai-Wheat-KG-Retail-INR,0.4
2020-10-15,Maharashtra-Mumbai city-Mumbai-Wheat-KG-Retail-INR,0.44
2020-11-15,Maharashtra-Mumbai city-Mumbai-Wheat-KG-Retail-INR,0.45
2020-12-15,Maharashtra-Mumbai city-Mumbai-Wheat-KG-Retail-INR,0.46
2021-01-15,Maharashtra-Mumbai city-Mumbai-Wheat-KG-Retail-INR,0.5
2021-01-15,Maharashtra-Mumbai city-Mumbai-Wheat-KG-Retail-INR,0.5
2021-02-15,Maharashtra-Mumbai city-Mumbai-Wheat-KG-Retail-INR,0.49
2021-02-15,Maharashtra-Mumbai city-Mumbai-Wheat-KG-Retail-INR,0.49
2021-03-15,Maharashtra-Mumbai city-Mumbai-Wheat-KG-Retail-INR,0.5
2021-04-15,Maharashtra-Mumbai city-Mumbai-Wheat-KG-Retail-INR,0.5
2021-05-15,Maharashtra-Mumbai city-Mumbai-Wheat-KG-Retail-INR,0.5
2021-06-15,Maharashtra-Mumbai city-Mumbai-Wheat-KG-Retail-INR,0.49
2021-07-15,Maharashtra-Mumbai city-Mumbai-Wheat-KG-Retail-INR,0.48
2021-08-15,Maharashtra-Mumbai city-Mumbai-Wheat-KG-Retail-INR,0.49
2021-09-15,Maharashtra-Mumbai city-Mumbai-Wheat-KG-Retail-INR,0.51
2021-09-15,Maharashtra-Mumbai city-Mumbai-Wheat-KG-Retail-INR,0.51
2021-09-15,Maharashtra-Mumbai city-Mumbai-Wheat-KG-Retail-INR,0.51
2021-10-15,Maharashtra-Mumbai city-Mumbai-Wheat-KG-Retail-INR,0.51
2021-11-15,Maharashtra-Mumbai city-Mumbai-Wheat-KG-Retail-INR,0.49
2021-11-15,Maharashtra-Mumbai city-Mumbai-Wheat-KG-Retail-INR,0.49
2021-12-15,Maharashtra-Mumbai city-Mumbai-Wheat-KG-Retail-INR,0.46
2022-01-15,Maharashtra-Mumbai city-Mumbai-Wheat-KG-Retail-INR,0.5
2022-02-15,Maharashtra-Mumbai city-Mumbai-Wheat-KG-Retail-INR,0.48
2022-03-15,Maharashtra-Mumbai city-Mumbai-Wheat-KG-Retail-INR,0.45
2022-03-15,Maharashtra-Mumbai city-Mumbai-Wheat-KG-Retail-INR,0.45
2022-04-15,Maharashtra-Mumbai city-Mumbai-Wheat-KG-Retail-INR,0.46
2022-05-15,Maharashtra-Mumbai city-Mumbai-Wheat-KG-Retail-INR,0.47
2022-06-15,Maharashtra-Mumbai city-Mumbai-Wheat-KG-Retail-INR,0.52
2022-07-15,Maharashtra-Mumbai city-Mumbai-Wheat-KG-Retail-INR,0.51
2022-08-15,Maharashtra-Mumbai city-Mumbai-Wheat-KG-Retail-INR,0.5
2022-09-15,Maharashtra-Mumbai city-Mumbai-Wheat-KG-Retail-INR,0.53
2022-10-15,Maharashtra-Mumbai city-Mumbai-Wheat-KG-Retail-INR,0.53
2022-11-15,Maharashtra-Mumbai city-Mumbai-Wheat-KG-Retail-INR,0.55
2022-11-15,Maharashtra-Mumbai city-Mumbai-Wheat-KG-Retail-INR,0.55
2022-11-15,Maharashtra-Mumbai city-Mumbai-Wheat-KG-Retail-INR,0.55
2022-12-15,Maharashtra-Mumbai city-Mumbai-Wheat-KG-Retail-INR,0.56
2023-01-15,Maharashtra-Mumbai city-Mumbai-Wheat-KG-Retail-INR,0.56
2023-02-15,Maharashtra-Mumbai city-Mumbai-Wheat-KG-Retail-INR,0.56
2023-03-15,Maharashtra-Mumbai city-Mumbai-Wheat-KG-Retail-INR,0.56
2023-04-15,Maharashtra-Mumbai city-Mumbai-Wheat-KG-Retail-INR,0.56
2023-05-15,Maharashtra-Mumbai city-Mumbai-Wheat-KG-Retail-INR,0.55
2023-06-15,Maharashtra-Mumbai city-Mumbai-Wheat-KG-Retail-INR,0.56
2023-07-15,Maharashtra-Mumbai city-Mumbai-Wheat-KG-Retail-INR,0.56
1994-01-15,Delhi-Delhi-Delhi-Sugar-KG-Retail-INR,0.43
1994-02-15,Delhi-Delhi-Delhi-Sugar-KG-Retail-INR,0.43
1994-03-15,Delhi-Delhi-Delhi-Sugar-KG-Retail-INR,0.43
1994-04-15,Delhi-Delhi-Delhi-Sugar-KG-Retail-INR,0.46
1994-05-15,Delhi-Delhi-Delhi-Sugar-KG-Retail-INR,0.53
1994-06-15,Delhi-Delhi-Delhi-Sugar-KG-Retail-INR,0.53
1994-06-15,Delhi-Delhi-Delhi-Sugar-KG-Retail-INR,0.53
1994-07-15,Delhi-Delhi-Delhi-Sugar-KG-Retail-INR,0.45
1994-08-15,Delhi-Delhi-Delhi-Sugar-KG-Retail-INR,0.48
1994-09-15,Delhi-Delhi-Delhi-Sugar-KG-Retail-INR,0.51
1994-10-15,Delhi-Delhi-Delhi-Sugar-KG-Retail-INR,0.48
1994-11-15,Delhi-Delhi-Delhi-Sugar-KG-Retail-INR,0.43
1994-12-15,Delhi-Delhi-Delhi-Sugar-KG-Retail-INR,0.43
1996-01-15,Delhi-Delhi-Delhi-Sugar-KG-Retail-INR,0.39
1996-02-15,Delhi-Delhi-Delhi-Sugar-KG-Retail-INR,0.38
1996-03-15,Delhi-Delhi-Delhi-Sugar-KG-Retail-INR,0.41
1996-04-15,Delhi-Delhi-Delhi-Sugar-KG-Retail-INR,0.41
1996-04-15,Delhi-Delhi-Delhi-Sugar-KG-Retail-INR,0.41
1996-05-15,Delhi-Delhi-Delhi-Sugar-KG-Retail-INR,0.44
1996-06-15,Delhi-Delhi-Delhi-Sugar-KG-Retail-INR,0.45
1996-07-15,Delhi-Delhi-Delhi-Sugar-KG-Retail-INR,0.42
1996-08-15,Delhi-Delhi-Delhi-Sugar-KG-Retail-INR,0.42
1996-09-15,Delhi-Delhi-Delhi-Sugar-KG-Retail-INR,0.44
1996-10-15,Delhi-Delhi-Delhi-Sugar-KG-Retail-INR,0.42
1996-10-15,Delhi-Delhi-Delhi-Sugar-KG-Retail-INR,0.42
1996-11-15,Delhi-Delhi-Delhi-Sugar-KG-Retail-INR,0.42
1996-11-15,Delhi-Delhi-Delhi-Sugar-KG-Retail-INR,0.42
1996-12-15,Delhi-Delhi-Delhi-Sugar-KG-Retail-INR,0.41
2000-01-15,Delhi-Delhi-Delhi-Sugar-KG-Retail-INR,0.39
2000-02-15,Delhi-Delhi-Delhi-Sugar-KG-Retail-INR,0.39
2000-03-15,Delhi-Delhi-Delhi-Sugar-KG-Retail-INR,0.39
2000-04-15,Delhi-Delhi-Delhi-Sugar-KG-Retail-INR,0.39
2000-04-15,Delhi-Delhi-Delhi-Sugar-KG-Retail-INR,0.39
2000-05-15,Delhi-Delhi-Delhi-Sugar-KG-Retail-INR,0.39
2000-06-15,Delhi-Delhi-Delhi-Sugar-KG-Retail-INR,0.38
2000-07-15,Delhi-Delhi-Delhi-Sugar-KG-Retail-INR,0.38
2000-08-15,Delhi-Delhi-Delhi-Sugar-KG-Retail-INR,0.38
2000-09-15,Delhi-Delhi-Delhi-Sugar-KG-Retail-INR,0.37
2000-10-15,Delhi-Delhi-Delhi-Sugar-KG-Retail-INR,0.38
2000-11-15,Delhi-Delhi-Delhi-Sugar-KG-Retail-INR,0.36
2000-12-15,Delhi-Delhi-Delhi-Sugar-KG-Retail-INR,0.34
2001-01-15,Delhi-Delhi-Delhi-Sugar-KG-Retail-INR,0.34
2001-02-15,Delhi-Delhi-Delhi-Sugar-KG-Retail-INR,0.34
2001-02-15,Delhi-Delhi-Delhi-Sugar-KG-Retail-INR,0.34
2001-02-15,Delhi-Delhi-Delhi-Sugar-KG-Retail-INR,0.34
2001-03-15,Delhi-Delhi-Delhi-Sugar-KG-Retail-INR,0.34
2001-04-15,Delhi-Delhi-Delhi-Sugar-KG-Retail-INR,0.36
2001-05-15,Delhi-Delhi-Delhi-Sugar-KG-Retail-INR,0.36
2001-06-15,Delhi-Delhi-Delhi-Sugar-KG-Retail-INR,0.36
2001-07-15,Delhi-Delhi-Delhi-Sugar-KG-Retail-INR,0.35
2001-08-15,Delhi-Delhi-Delhi-Sugar-KG-Retail-INR,0.35
2001-08-15,Delhi-Delhi-Delhi-Sugar-KG-Retail-INR,0.35
2001-08-15,Delhi-Delhi-Delhi-Sugar-KG-Retail-INR,0.35
2001-09-15,Delhi-Delhi-Delhi-Sugar-KG-Retail-INR,0.35
2001-09-15,Delhi-Delhi-Delhi-Sugar-KG-Retail-INR,0.35
2001-10-15,Delhi-Delhi-Delhi-Sugar-KG-Retail-INR,0.34
2001-11-15,Delhi-Delhi-Delhi-Sugar-KG-Retail-INR,0.34
2001-12-15,Delhi-Delhi-Delhi-Sugar-KG-Retail-INR,0.35
2001-12-15,Delhi-Delhi-Delhi-Sugar-KG-Retail-INR,0.35
2002-01-15,Delhi-Delhi-Delhi-Sugar-KG-Retail-INR,0.32
2002-02-15,Delhi-Delhi-Delhi-Sugar-KG-Retail-INR,0.31
2002-02-15,Delhi-Delhi-Delhi-Sugar-KG-Retail-INR,0.31
2002-03-15,Delhi-Delhi-Delhi-Sugar-KG-Retail-INR,0.32
2002-04-15,Delhi-Delhi-Delhi-Sugar-KG-Retail-INR,0.32
2002-05-15,Delhi-Delhi-Delhi-Sugar-KG-Retail-INR,0.32
2002-06-15,Delhi-Delhi-Delhi-Sugar-KG-Retail-INR,0.32
2002-06-15,Delhi-Delhi-Delhi-Sugar-KG-Retail-INR,0.32
2002-06-15,Delhi-Delhi-Delhi-Sugar-KG-Retail-INR,0.32
2002-07-15,Delhi-Delhi-Delhi-Sugar-KG-Retail-INR,0.31
2002-07-15,Delhi-Delhi-Delhi-Sugar-KG-Retail-INR,0.31
2002-07-15,Delhi-Delhi-Delhi-Sugar-KG-Retail-INR,0.31
2002-08-15,Delhi-Delhi-Delhi-Sugar-KG-Retail-INR,0.3
2002-09-15,Delhi-Delhi-Delhi-Sugar-KG-Retail-INR,0.3
2002-10-15,Delhi-Delhi-Delhi-Sugar-KG-Retail-INR,0.3
2002-11-15,Delhi-Delhi-Delhi-Sugar-KG-Retail-INR,0.3
2002-12-15,Delhi-Delhi-Delhi-Sugar-KG-Retail-INR,0.3
2003-01-15,Delhi-Delhi-Delhi-Sugar-KG-Retail-INR,0.29
2003-02-15,Delhi-Delhi-Delhi-Sugar-KG-Retail-INR,0.29
2003-03-15,Delhi-Delhi-Delhi-Sugar-KG-Retail-INR,0.29
2003-04-15,Delhi-Delhi-Delhi-Sugar-KG-Retail-INR,0.28
2003-05-15,Delhi-Delhi-Delhi-Sugar-KG-Retail-INR,0.29
2003-06-15,Delhi-Delhi-Delhi-Sugar-KG-Retail-INR,0.3
2003-06-15,Delhi-Delhi-Delhi-Sugar-KG-Retail-INR,0.3
2003-07-15,Delhi-Delhi-Delhi-Sugar-KG-Retail-INR,0.32
2003-08-15,Delhi-Delhi-Delhi-Sugar-KG-Retail-INR,0.33
2003-08-15,Delhi-Delhi-Delhi-Sugar-KG-Retail-INR,0.33
2003-08-15,Delhi-Delhi-Delhi-Sugar-KG-Retail-INR,0.33
2003-09-15,Delhi-Delhi-Delhi-Sugar-KG-Retail-INR,0.33
2003-10-15,Delhi-Delhi-Delhi-Sugar-KG-Retail-INR,0.33
2003-10-15,Delhi-Delhi-Delhi-Sugar-KG-Retail-INR,0.33
2003-11-15,Delhi-Delhi-Delhi-Sugar-KG-Retail-INR,0.33
2003-12-15,Delhi-Delhi-Delhi-Sugar-KG-Retail-INR,0.32
2004-01-15,Delhi-Delhi-Delhi-Sugar-KG-Retail-INR,0.33
2004-01-15,Delhi-Delhi-Delhi-Sugar-KG-Retail-INR,0.33
2004-02-15,Delhi-Delhi-Delhi-Sugar-KG-Retail-INR,0.35
2004-02-15,Delhi-Delhi-Delhi-Sugar-KG-Retail-INR,0.35
2004-03-15,Delhi-Delhi-Delhi-Sugar-KG-Retail-INR,0.35
2004-04-15,Delhi-Delhi-Delhi-Sugar-KG-Retail-INR,0.39
2004-05-15,Delhi-Delhi-Delhi-Sugar-KG-Retail-INR,0.37
2004-06-15,Delhi-Delhi-Delhi-Sugar-KG-Retail-INR,0.38
2004-07-15,Delhi-Delhi-Delhi-Sugar-KG-Retail-INR,0.37
2004-07-15,Delhi-Delhi-Delhi-Sugar-KG-Retail-INR,0.37
2004-08-15,Delhi-Delhi-Delhi-Sugar-KG-Retail-INR,0.38
2004-08-15,Delhi-Delhi-Delhi-Sugar-KG-Retail-INR,0.38
2004-09-15,Delhi-Delhi-Delhi-Sugar-KG-Retail-INR,0.37
2004-10-15,Delhi-Delhi-Delhi-Sugar-KG-Retail-INR,0.38
2004-11-15,Delhi-Delhi-Delhi-Sugar-KG-Retail-INR,0.38
2004-12-15,Delhi-Delhi-Delhi-Sugar-KG-Retail-INR,0.43
2005-01-15,Delhi-Delhi-Delhi-Sugar-KG-Retail-INR,0.44
2005-02-15,Delhi-Delhi-Delhi-Sugar-KG-Retail-INR,0.46
2005-03-15,Delhi-Delhi-Delhi-Sugar-KG-Retail-INR,0.45
2005-03-15,Delhi-Delhi-Delhi-Sugar-KG-Retail-INR,0.45
2005-04-15,Delhi-Delhi-Delhi-Sugar-KG-Retail-INR,0.43
2005-05-15,Delhi-Delhi-Delhi-Sugar-KG-Retail-INR,0.44
2005-06-15,Delhi-Delhi-Delhi-Sugar-KG-Retail-INR,0.44
2005-06-15,Delhi-Delhi-Delhi-Sugar-KG-Retail-INR,0.44
2005-07-15,Delhi-Delhi-Delhi-Sugar-KG-Retail-INR,0.46
2005-07-15,Delhi-Delhi-Delhi-Sugar-KG-Retail-INR,0.46
2005-07-15,Delhi-Delhi-Delhi-Sugar-KG-Retail-INR,0.46
2005-08-15,Delhi-Delhi-Delhi-Sugar-KG-Retail-INR,0.46
2005-08-15,Delhi-Delhi-Delhi-Sugar-KG-Retail-INR,0.46
2005-09-15,Delhi-Delhi-Delhi-Sugar-KG-Retail-INR,0.46
2005-10-15,Delhi-Delhi-Delhi-Sugar-KG-Retail-INR,0.45
2005-10-15,Delhi-Delhi-Delhi-Sugar-KG-Retail-INR,0.45
2005-11-15,Delhi-Delhi-Delhi-Sugar-KG-Retail-INR,0.44
2005-12-15,Delhi-Delhi-Delhi-Sugar-KG-Retail-INR,0.43
2006-01-15,Delhi-Delhi-Delhi-Sugar-KG-Retail-INR,0.48
2006-02-15,Delhi-Delhi-Delhi-Sugar-KG-Retail-INR,0.5
2006-03-15,Delhi-Delhi-Delhi-Sugar-KG-Retail-INR,0.48
2006-04-15,Delhi-Delhi-Delhi-Sugar-KG-Retail-INR,0.49
2006-05-15,Delhi-Delhi-Delhi-Sugar-KG-Retail-INR,0.49
2006-06-15,Delhi-Delhi-Delhi-Sugar-KG-Retail-INR,0.48
2006-06-15,Delhi-Delhi-Delhi-Sugar-KG-Retail-INR,0.48
2006-06-15,Delhi-Delhi-Delhi-Sugar-KG-Retail-INR,0.48
2006-07-15,Delhi-Delhi-Delhi-Sugar-KG-Retail-INR,0.45
2006-08-15,Delhi-Delhi-Delhi-Sugar-KG-Retail-INR,0.45
2006-08-15,Delhi-Delhi-Delhi-Sugar-KG-Retail-INR,0.45
2006-09-15,Delhi-Delhi-Delhi-Sugar-KG-Retail-INR,0.46
2006-10-15,Delhi-Delhi-Delhi-Sugar-KG-Retail-INR,0.46
2006-10-15,Delhi-Delhi-Delhi-Sugar-KG-Retail-INR,0.46
2006-10-15,Delhi-Delhi-Delhi-Sugar-KG-Retail-INR,0.46
2006-11-15,Delhi-Delhi-Delhi-Sugar-KG-Retail-INR,0.44
2006-12-15,Delhi-Delhi-Delhi-Sugar-KG-Retail-INR,0.43
2007-01-15,Delhi-Delhi-Delhi-Sugar-KG-Retail-INR,0.43
2007-02-15,Delhi-Delhi-Delhi-Sugar-KG-Retail-INR,0.41
2007-03-15,Delhi-Delhi-Delhi-Sugar-KG-Retail-INR,0.41
2007-04-15,Delhi-Delhi-Delhi-Sugar-KG-Retail-INR,0.4
2007-05-15,Delhi-Delhi-Delhi-Sugar-KG-Retail-INR,0.42
2007-06-15,Delhi-Delhi-Delhi-Sugar-KG-Retail-INR,0.42
2007-07-15,Delhi-Delhi-Delhi-Sugar-KG-Retail-INR,0.4
2007-08-15,Delhi-Delhi-Delhi-Sugar-KG-Retail-INR,0.39
2007-09-15,Delhi-Delhi-Delhi-Sugar-KG-Retail-INR,0.4
2007-10-15,Delhi-Delhi-Delhi-Sugar-KG-Retail-INR,0.41
2007-11-15,Delhi-Delhi-Delhi-Sugar-KG-Retail-INR,0.43
2007-12-15,Delhi-Delhi-Delhi-Sugar-KG-Retail-INR,0.43
2008-01-15,Delhi-Delhi-Delhi-Sugar-KG-Retail-INR,0.43
2008-02-15,Delhi-Delhi-Delhi-Sugar-KG-Retail-INR,0.43
2008-03-15,Delhi-Delhi-Delhi-Sugar-KG-Retail-INR,0.44
2008-03-15,Delhi-Delhi-Delhi-Sugar-KG-Retail-INR,0.44
2008-03-15,Delhi-Delhi-Delhi-Sugar-KG-Retail-INR,0.44
2008-03-15,Delhi-Delhi-Delhi-Sugar-KG-Retail-INR,0.44
2008-04-15,Delhi-Delhi-Delhi-Sugar-KG-Retail-INR,0.45
2008-04-15,Delhi-Delhi-Delhi-Sugar-KG-Retail-INR,0.45
2008-04-15,Delhi-Delhi-Delhi-Sugar-KG-Retail-INR,0.45
2008-04-15,Delhi-Delhi-Delhi-Sugar-KG-Retail-INR,0.45
2008-05-15,Delhi-Delhi-Delhi-Sugar-KG-Retail-INR,0.4
2008-06-15,Delhi-Delhi-Delhi-Sugar-KG-Retail-INR,0.4
2008-06-15,Delhi-Delhi-Delhi-Sugar-KG-Retail-INR,0.4
2008-07-15,Delhi-Delhi-Delhi-Sugar-KG-Retail-INR,0.44
2008-07-15,Delhi-Delhi-Delhi-Sugar-KG-Retail-INR,0.44
2008-08-15,Delhi-Delhi-Delhi-Sugar-KG-Retail-INR,0.51
2008-09-15,Delhi-Delhi-Delhi-Sugar-KG-Retail-INR,0.44
2008-10-15,Delhi-Delhi-Delhi-Sugar-KG-Retail-INR,0.41
2008-11-15,Delhi-Delhi-Delhi-Sugar-KG-Retail-INR,0.41
2008-11-15,Delhi-Delhi-Delhi-Sugar-KG-Retail-INR,0.41
2008-12-15,Delhi-Delhi-Delhi-Sugar-KG-Retail-INR,0.44
2009-01-15,Delhi-Delhi-Delhi-Sugar-KG-Retail-INR,0.5
2009-02-15,Delhi-Delhi-Delhi-Sugar-KG-Retail-INR,0.51
2009-02-15,Delhi-Delhi-Delhi-Sugar-KG-Retail-INR,0.51
2009-02-15,Delhi-Delhi-Delhi-Sugar-KG-Retail-INR,0.51
2009-03-15,Delhi-Delhi-Delhi-Sugar-KG-Retail-INR,0.47
2009-04-15,Delhi-Delhi-Delhi-Sugar-KG-Retail-INR,0.54
2009-05-15,Delhi-Delhi-Delhi-Sugar-KG-Retail-INR,0.55
2009-05-15,Delhi-Delhi-Delhi-Sugar-KG-Retail-INR,0.55
2009-05-15,Delhi-Delhi-Delhi-Sugar-KG-Retail-INR,0.55
2009-06-15,Delhi-Delhi-Delhi-Sugar-KG-Retail-INR,0.58
2009-07-15,Delhi-Delhi-Delhi-Sugar-KG-Retail-INR,0.58
2009-07-15,Delhi-Delhi-Delhi-Sugar-KG-Retail-INR,0.58
2009-07-15,Delhi-Delhi-Delhi-Sugar-KG-Retail-INR,0.58
2009-07-15,Delhi-Delhi-Delhi-Sugar-KG-Retail-INR,0.58
2009-07-15,Delhi-Delhi-Delhi-Sugar-KG-Retail-INR,0.58
2009-08-15,Delhi-Delhi-Delhi-Sugar-KG-Retail-INR,0.66
2009-08-15,Delhi-Delhi-Delhi-Sugar-KG-Retail-INR,0.66
2009-09-15,Delhi-Delhi-Delhi-Sugar-KG-Retail-INR,0.66
2009-09-15,Delhi-Delhi-Delhi-Sugar-KG-Retail-INR,0.66
2009-10-15,Delhi-Delhi-Delhi-Sugar-KG-Retail-INR,0.76
2009-11-15,Delhi-Delhi-Delhi-Sugar-KG-Retail-INR,0.83
2009-12-15,Delhi-Delhi-Delhi-Sugar-KG-Retail-INR,0.82
2009-12-15,Delhi-Delhi-Delhi-Sugar-KG-Retail-INR,0.82
2009-12-15,Delhi-Delhi-Delhi-Sugar-KG-Retail-INR,0.82
2010-01-15,Delhi-Delhi-Delhi-Sugar-KG-Retail-INR,0.93
2010-02-15,Delhi-Delhi-Delhi-Sugar-KG-Retail-INR,0.76
2010-02-15,Delhi-Delhi-Delhi-Sugar-KG-Retail-INR,0.76
2010-02-15,Delhi-Delhi-Delhi-Sugar-KG-Retail-INR,0.76
2010-03-15,Delhi-Delhi-Delhi-Sugar-KG-Retail-INR,0.79
2010-04-15,Delhi-Delhi-Delhi-Sugar-KG-Retail-INR,0.74
2010-04-15,Delhi-Delhi-Delhi-Sugar-KG-Retail-INR,0.74
2010-05-15,Delhi-Delhi-Delhi-Sugar-KG-Retail-INR,0.73
2010-06-15,Delhi-Delhi-Delhi-Sugar-KG-Retail-INR,0.67
2010-07-15,Delhi-Delhi-Delhi-Sugar-KG-Retail-INR,0.67
2010-08-15,Delhi-Delhi-Delhi-Sugar-KG-Retail-INR,0.66
2010-09-15,Delhi-Delhi-Delhi-Sugar-KG-Retail-INR,0.67
2010-09-15,Delhi-Delhi-Delhi-Sugar-KG-Retail-INR,0.67
2010-10-15,Delhi-Delhi-Delhi-Sugar-KG-Retail-INR,0.7
2010-10-15,Delhi-Delhi-Delhi-Sugar-KG-Retail-INR,0.7
2010-10-15,Delhi-Delhi-Delhi-Sugar-KG-Retail-INR,0.7
2010-11-15,Delhi-Delhi-Delhi-Sugar-KG-Retail-INR,0.73
2010-12-15,Delhi-Delhi-Delhi-Sugar-KG-Retail-INR,0.73
2011-01-15,Delhi-Delhi-Delhi-Sugar-KG-Retail-INR,0.73
2011-02-15,Delhi-Delhi-Delhi-Sugar-KG-Retail-INR,0.73
2011-03-15,Delhi-Delhi-Delhi-Sugar-KG-Retail-INR,0.71
2011-04-15,Delhi-Delhi-Delhi-Sugar-KG-Retail-INR,0.72
2011-05-15,Delhi-Delhi-Delhi-Sugar-KG-Retail-INR,0.71
2011-06-15,Delhi-Delhi-Delhi-Sugar-KG-Retail-INR,0.71
2011-07-15,Delhi-Delhi-Delhi-Sugar-KG-Retail-INR,0.72
2011-08-15,Delhi-Delhi-Delhi-Sugar-KG-Retail-INR,0.71
2011-09-15,Delhi-Delhi-Delhi-Sugar-KG-Retail-INR,0.69
2011-10-15,Delhi-Delhi-Delhi-Sugar-KG-Retail-INR,0.68
2011-11-15,Delhi-Delhi-Delhi-Sugar-KG-Retail-INR,0.67
2011-12-15,Delhi-Delhi-Delhi-Sugar-KG-Retail-INR,0.66
2012-01-15,Delhi-Delhi-Delhi-Sugar-KG-Retail-INR,0.67
2012-02-15,Delhi-Delhi-Delhi-Sugar-KG-Retail-INR,0.69
2012-02-15,Delhi-Delhi-Delhi-Sugar-KG-Retail-INR,0.69
2012-03-15,Delhi-Delhi-Delhi-Sugar-KG-Retail-INR,0.66
2012-04-15,Delhi-Delhi-Delhi-Sugar-KG-Retail-INR,0.66
2012-05-15,Delhi-Delhi-Delhi-Sugar-KG-Retail-INR,0.65
2012-06-15,Delhi-Delhi-Delhi-Sugar-KG-Retail-INR,0.63
2012-06-15,Delhi-Delhi-Delhi-Sugar-KG-Retail-INR,0.63
2012-07-15,Delhi-Delhi-Delhi-Sugar-KG-Retail-INR,0.65
2012-08-15,Delhi-Delhi-Delhi-Sugar-KG-Retail-INR,0.71
2012-08-15,Delhi-Delhi-Delhi-Sugar-KG-Retail-INR,0.71
2012-09-15,Delhi-Delhi-Delhi-Sugar-KG-Retail-INR,0.74
2012-10-15,Delhi-Delhi-Delhi-Sugar-KG-Retail-INR,0.77
2012-11-15,Delhi-Delhi-Delhi-Sugar-KG-Retail-INR,0.73
2012-12-15,Delhi-Delhi-Delhi-Sugar-KG-Retail-INR,0.73
2013-01-15,Delhi-Delhi-Delhi-Sugar-KG-Retail-INR,0.69
2013-02-15,Delhi-Delhi-Delhi-Sugar-KG-Retail-INR,0.7
2013-03-15,Delhi-Delhi-Delhi-Sugar-KG-Retail-INR,0.69
2013-04-15,Delhi-Delhi-Delhi-Sugar-KG-Retail-INR,0.68
2013-05-15,Delhi-Delhi-Delhi-Sugar-KG-Retail-INR,0.68
2013-06-15,Delhi-Delhi-Delhi-Sugar-KG-Retail-INR,0.64
2013-06-15,Delhi-Delhi-Delhi-Sugar-KG-Retail-INR,0.64
2013-07-15,Delhi-Delhi-Delhi-Sugar-KG-Retail-INR,0.61
2013-08-15,Delhi-Delhi-Delhi-Sugar-KG-Retail-INR,0.59
2013-08-15,Delhi-Delhi-Delhi-Sugar-KG-Retail-INR,0.59
2013-09-15,Delhi-Delhi-Delhi-Sugar-KG-Retail-INR,0.56
2013-10-15,Delhi-Delhi-Delhi-Sugar-KG-Retail-INR,0.58
2013-11-15,Delhi-Delhi-Delhi-Sugar-KG-Retail-INR,0.57
2013-12-15,Delhi-Delhi-Delhi-Sugar-KG-Retail-INR,0.58
2014-01-15,Delhi-Delhi-Delhi-Sugar-KG-Retail-INR,0.58
2014-02-15,Delhi-Delhi-Delhi-Sugar-KG-Retail-INR,0.58
2014-03-15,Delhi-Delhi-Delhi-Sugar-KG-Retail-INR,0.57
2014-04-15,Delhi-Delhi-Delhi-Sugar-KG-Retail-INR,0.6
2014-04-15,Delhi-Delhi-Delhi-Sugar-KG-Retail-INR,0.6
2014-04-15,Delhi-Delhi-Delhi-Sugar-KG-Retail-INR,0.6
2014-05-15,Delhi-Delhi-Delhi-Sugar-KG-Retail-INR,0.62
2014-06-15,Delhi-Delhi-Delhi-Sugar-KG-Retail-INR,0.64
2014-07-15,Delhi-Delhi-Delhi-Sugar-KG-Retail-INR,0.62
2014-08-15,Delhi-Delhi-Delhi-Sugar-KG-Retail-INR,0.61
2014-09-15,Delhi-Delhi-Delhi-Sugar-KG-Retail-INR,0.59
2014-10-15,Delhi-Delhi-Delhi-Sugar-KG-Retail-INR,0.58
2014-11-15,Delhi-Delhi-Delhi-Sugar-KG-Retail-INR,0.57
2014-12-15,Delhi-Delhi-Delhi-Sugar-KG-Retail-INR,0.54
2014-12-15,Delhi-Delhi-Delhi-Sugar-KG-Retail-INR,0.54
2014-12-15,Delhi-Delhi-Delhi-Sugar-KG-Retail-INR,0.54
2015-01-15,Delhi-Delhi-Delhi-Sugar-KG-Retail-INR,0.55
2015-02-15,Delhi-Delhi-Delhi-Sugar-KG-Retail-INR,0.54
2015-03-15,Delhi-Delhi-Delhi-Sugar-KG-Retail-INR,0.52
2015-03-15,Delhi-Delhi-Delhi-Sugar-KG-Retail-INR,0.52
2015-03-15,Delhi-Delhi-Delhi-Sugar-KG-Retail-INR,0.52
2015-03-15,Delhi-Delhi-Delhi-Sugar-KG-Retail-INR,0.52
2015-04-15,Delhi-Delhi-Delhi-Sugar-KG-Retail-INR,0.52
2015-05-15,Delhi-Delhi-Delhi-Sugar-KG-Retail-INR,0.5
2015-06-15,Delhi-Delhi-Delhi-Sugar-KG-Retail-INR,0.47
2015-07-15,Delhi-Delhi-Delhi-Sugar-KG-Retail-INR,0.45
2015-08-15,Delhi-Delhi-Delhi-Sugar-KG-Retail-INR,0.45
2015-09-15,Delhi-Delhi-Delhi-Sugar-KG-Retail-INR,0.45
2015-10-15,Delhi-Delhi-Delhi-Sugar-KG-Retail-INR,0.48
2015-10-15,Delhi-Delhi-Delhi-Sugar-KG-Retail-INR,0.48
2015-10-15,Delhi-Delhi-Delhi-Sugar-KG-Retail-INR,0.48
2015-11-15,Delhi-Delhi-Delhi-Sugar-KG-Retail-INR,0.48
2015-12-15,Delhi-Delhi-Delhi-Sugar-KG-Retail-INR,0.48
2016-01-15,Delhi-Delhi-Delhi-Sugar-KG-Retail-INR,0.51
2016-01-15,Delhi-Delhi-Delhi-Sugar-KG-Retail-INR,0.51
2016-01-15,Delhi-Delhi-Delhi-Sugar-KG-Retail-INR,0.51
2016-02-15,Delhi-Delhi-Delhi-Sugar-KG-Retail-INR,0.51
2016-02-15,Delhi-Delhi-Delhi-Sugar-KG-Retail-INR,0.51
2016-03-15,Delhi-Delhi-Delhi-Sugar-KG-Retail-INR,0.55
2016-03-15,Delhi-Delhi-Delhi-Sugar-KG-Retail-INR,0.55
2016-04-15,Delhi-Delhi-Delhi-Sugar-KG-Retail-INR,0.6
2016-05-15,Delhi-Delhi-Delhi-Sugar-KG-Retail-INR,0.6
2016-06-15,Delhi-Delhi-Delhi-Sugar-KG-Retail-INR,0.6
2016-07-15,Delhi-Delhi-Delhi-Sugar-KG-Retail-INR,0.6
2016-08-15,Delhi-Delhi-Delhi-Sugar-KG-Retail-INR,0.63
2016-09-15,Delhi-Delhi-Delhi-Sugar-KG-Retail-INR,0.63
2016-10-15,Delhi-Delhi-Delhi-Sugar-KG-Retail-INR,0.64
2016-11-15,Delhi-Delhi-Delhi-Sugar-KG-Retail-INR,0.62
2016-12-15,Delhi-Delhi-Delhi-Sugar-KG-Retail-INR,0.6
2017-01-15,Delhi-Delhi-Delhi-Sugar-KG-Retail-INR,0.61
2017-01-15,Delhi-Delhi-Delhi-Sugar-KG-Retail-INR,0.61
2017-01-15,Delhi-Delhi-Delhi-Sugar-KG-Retail-INR,0.61
2017-02-15,Delhi-Delhi-Delhi-Sugar-KG-Retail-INR,0.63
2017-02-15,Delhi-Delhi-Delhi-Sugar-KG-Retail-INR,0.63
2017-03-15,Delhi-Delhi-Delhi-Sugar-KG-Retail-INR,0.64
2017-04-15,Delhi-Delhi-Delhi-Sugar-KG-Retail-INR,0.65
2017-05-15,Delhi-Delhi-Delhi-Sugar-KG-Retail-INR,0.66
2017-06-15,Delhi-Delhi-Delhi-Sugar-KG-Retail-INR,0.65
2017-07-15,Delhi-Delhi-Delhi-Sugar-KG-Retail-INR,0.67
2017-08-15,Delhi-Delhi-Delhi-Sugar-KG-Retail-INR,0.69
2017-09-15,Delhi-Delhi-Delhi-Sugar-KG-Retail-INR,0.67
2017-10-15,Delhi-Delhi-Delhi-Sugar-KG-Retail-INR,0.67
2017-10-15,Delhi-Delhi-Delhi-Sugar-KG-Retail-INR,0.67
2017-11-15,Delhi-Delhi-Delhi-Sugar-KG-Retail-INR,0.66
2017-12-15,Delhi-Delhi-Delhi-Sugar-KG-Retail-INR,0.64
2017-12-15,Delhi-Delhi-Delhi-Sugar-KG-Retail-INR,0.64
2018-01-15,Delhi-Delhi-Delhi-Sugar-KG-Retail-INR,0.63
2018-02-15,Delhi-Delhi-Delhi-Sugar-KG-Retail-INR,0.6
2018-03-15,Delhi-Delhi-Delhi-Sugar-KG-Retail-INR,0.57
2018-03-15,Delhi-Delhi-Delhi-Sugar-KG-Retail-INR,0.57
2018-04-15,Delhi-Delhi-Delhi-Sugar-KG-Retail-INR,0.53
2018-05-15,Delhi-Delhi-Delhi-Sugar-KG-Retail-INR,0.48
2018-06-15,Delhi-Delhi-Delhi-Sugar-KG-Retail-INR,0.52
2018-06-15,Delhi-Delhi-Delhi-Sugar-KG-Retail-INR,0.52
2018-07-15,Delhi-Delhi-Delhi-Sugar-KG-Retail-INR,0.56
2018-07-15,Delhi-Delhi-Delhi-Sugar-KG-Retail-INR,0.56
2018-08-15,Delhi-Delhi-Delhi-Sugar-KG-Retail-INR,0.56
2018-08-15,Delhi-Delhi-Delhi-Sugar-KG-Retail-INR,0.56
2018-08-15,Delhi-Delhi-Delhi-Sugar-KG-Retail-INR,0.56
2018-08-15,Delhi-Delhi-Delhi-Sugar-KG-Retail-INR,0.56
2018-09-15,Delhi-Delhi-Delhi-Sugar-KG-Retail-INR,0.53
2018-10-15,Delhi-Delhi-Delhi-Sugar-KG-Retail-INR,0.53
2018-11-15,Delhi-Delhi-Delhi-Sugar-KG-Retail-INR,0.54
2018-12-15,Delhi-Delhi-Delhi-Sugar-KG-Retail-INR,0.54
2018-12-15,Delhi-Delhi-Delhi-Sugar-KG-Retail-INR,0.54
2019-01-15,Delhi-Delhi-Delhi-Sugar-KG-Retail-INR,0.55
2019-02-15,Delhi-Delhi-Delhi-Sugar-KG-Retail-INR,0.55
2019-03-15,Delhi-Delhi-Delhi-Sugar-KG-Retail-INR,0.56
2019-03-15,Delhi-Delhi-Delhi-Sugar-KG-Retail-INR,0.56
2019-03-15,Delhi-Delhi-Delhi-Sugar-KG-Retail-INR,0.56
2019-03-15,Delhi-Delhi-Delhi-Sugar-KG-Retail-INR,0.56
2019-04-15,Delhi-Delhi-Delhi-Sugar-KG-Retail-INR,0.56
2019-04-15,Delhi-Delhi-Delhi-Sugar-KG-Retail-INR,0.56
2019-04-15,Delhi-Delhi-Delhi-Sugar-KG-Retail-INR,0.56
2019-05-15,Delhi-Delhi-Delhi-Sugar-KG-Retail-INR,0.57
2019-06-15,Delhi-Delhi-Delhi-Sugar-KG-Retail-INR,0.57
2019-06-15,Delhi-Delhi-Delhi-Sugar-KG-Retail-INR,0.57
2019-06-15,Delhi-Delhi-Delhi-Sugar-KG-Retail-INR,0.57
2019-07-15,Delhi-Delhi-Delhi-Sugar-KG-Retail-INR,0.56
2019-08-15,Delhi-Delhi-Delhi-Sugar-KG-Retail-INR,0.54
2019-09-15,Delhi-Delhi-Delhi-Sugar-KG-Retail-INR,0.55
2019-10-15,Delhi-Delhi-Delhi-Sugar-KG-Retail-INR,0.56
2019-11-15,Delhi-Delhi-Delhi-Sugar-KG-Retail-INR,0.56
2019-12-15,Delhi-Delhi-Delhi-Sugar-KG-Retail-INR,0.56
2020-01-15,Delhi-Delhi-Delhi-Sugar-KG-Retail-INR,0.56
2020-02-15,Delhi-Delhi-Delhi-Sugar-KG-Retail-INR,0.55
2020-03-15,Delhi-Delhi-Delhi-Sugar-KG-Retail-INR,0.52
2020-04-15,Delhi-Delhi-Delhi-Sugar-KG-Retail-INR,0.52
2020-05-15,Delhi-Delhi-Delhi-Sugar-KG-Retail-INR,0.52
2020-06-15,Delhi-Delhi-Delhi-Sugar-KG-Retail-INR,0.5
2020-07-15,Delhi-Delhi-Delhi-Sugar-KG-Retail-INR,0.51
2020-08-15,Delhi-Delhi-Delhi-Sugar-KG-Retail-INR,0.51
2020-08-15,Delhi-Delhi-Delhi-Sugar-KG-Retail-INR,0.51
2020-09-15,Delhi-Delhi-Delhi-Sugar-KG-Retail-INR,0.52
2020-10-15,Delhi-Delhi-Delhi-Sugar-KG-Retail-INR,0.52
2020-10-15,Delhi-Delhi-Delhi-Sugar-KG-Retail-INR,0.52
2020-10-15,Delhi-Delhi-Delhi-Sugar-KG-Retail-INR,0.52
2020-10-15,Delhi-Delhi-Delhi-Sugar-KG-Retail-INR,0.52
2020-11-15,Delhi-Delhi-Delhi-Sugar-KG-Retail-INR,0.51
2020-12-15,Delhi-Delhi-Delhi-Sugar-KG-Retail-INR,0.53
2020-12-15,Delhi-Delhi-Delhi-Sugar-KG-Retail-INR,0.53
2020-12-15,Delhi-Delhi-Delhi-Sugar-KG-Retail-INR,0.53
2021-01-15,Delhi-Delhi-Delhi-Sugar-KG-Retail-INR,0.51
2021-02-15,Delhi-Delhi-Delhi-Sugar-KG-Retail-INR,0.51
2021-02-15,Delhi-Delhi-Delhi-Sugar-KG-Retail-INR,0.51
2021-03-15,Delhi-Delhi-Delhi-Sugar-KG-Retail-INR,0.51
2021-04-15,Delhi-Delhi-Delhi-Sugar-KG-Retail-INR,0.51
2021-04-15,Delhi-Delhi-Delhi-Sugar-KG-Retail-INR,0.51
2021-05-15,Delhi-Delhi-Delhi-Sugar-KG-Retail-INR,0.52
2021-06-15,Delhi-Delhi-Delhi-Sugar-KG-Retail-INR,0.52
2021-07-15,Delhi-Delhi-Delhi-Sugar-KG-Retail-INR,0.51
2021-08-15,Delhi-Delhi-Delhi-Sugar-KG-Retail-INR,0.53
2021-09-15,Delhi-Delhi-Delhi-Sugar-KG-Retail-INR,0.57
2021-10-15,Delhi-Delhi-Delhi-Sugar-KG-Retail-INR,0.57
2021-11-15,Delhi-Delhi-Delhi-Sugar-KG-Retail-INR,0.57
2021-12-15,Delhi-Delhi-Delhi-Sugar-KG-Retail-INR,0.52
2022-01-15,Delhi-Delhi-Delhi-Sugar-KG-Retail-INR,0.54
2022-02-15,Delhi-Delhi-Delhi-Sugar-KG-Retail-INR,0.53
2022-02-15,Delhi-Delhi-Delhi-Sugar-KG-Retail-INR,0.53
2022-03-15,Delhi-Delhi-Delhi-Sugar-KG-Retail-INR,0.54
2022-04-15,Delhi-Delhi-Delhi-Sugar-KG-Retail-INR,0.54
2022-05-15,Delhi-Delhi-Delhi-Sugar-KG-Retail-INR,0.52
2022-06-15,Delhi-Delhi-Delhi-Sugar-KG-Retail-INR,0.51
2022-07-15,Delhi-Delhi-Delhi-Sugar-KG-Retail-INR,0.52
2022-08-15,Delhi-Delhi-Delhi-Sugar-KG-Retail-INR,0.52
2022-08-15,Delhi-Delhi-Delhi-Sugar-KG-Retail-INR,0.52
2022-09-15,Delhi-Delhi-Delhi-Sugar-KG-Retail-INR,0.51
2022-10-15,Delhi-Delhi-Delhi-Sugar-KG-Retail-INR,0.5
2022-10-15,Delhi-Delhi-Delhi-Sugar-KG-Retail-INR,0.5
2022-11-15,Delhi-Delhi-Delhi-Sugar-KG-Retail-INR,0.51
2022-12-15,Delhi-Delhi-Delhi-Sugar-KG-Retail-INR,0.49
2023-01-15,Delhi-Delhi-Delhi-Sugar-KG-Retail-INR,0.5
2023-02-15,Delhi-Delhi-Delhi-Sugar-KG-Retail-INR,0.5
2023-02-15,Delhi-Delhi-Delhi-Sugar-KG-Retail-INR,0.5
2023-03-15,Delhi-Delhi-Delhi-Sugar-KG-Retail-INR,0.49
2023-04-15,Delhi-Delhi-Delhi-Sugar-KG-Retail-INR,0.5
2023-04-15,Delhi-Delhi-Delhi-Sugar-KG-Retail-INR,0.5
2023-04-15,Delhi-Delhi-Delhi-Sugar-KG-Retail-INR,0.5
2023-05-15,Delhi-Delhi-Delhi-Sugar-KG-Retail-INR,0.5
2023-06-15,Delhi-Delhi-Delhi-Sugar-KG-Retail-INR,0.5
2023-07-15,Delhi-Delhi-Delhi-Sugar-KG-Retail-INR,0.5
2000-03-15,Bihar-Patna-Patna-Potatoes-KG-Retail-INR,0.1
2000-04-15,Bihar-Patna-Patna-Potatoes-KG-Retail-INR,0.1
2000-05-15,Bihar-Patna-Patna-Potatoes-KG-Retail-INR,0.097
2000-06-15,Bihar-Patna-Patna-Potatoes-KG-Retail-INR,0.063
2000-07-15,Bihar-Patna-Patna-Potatoes-KG-Retail-INR,0.067
2000-07-15,Bihar-Patna-Patna-Potatoes-KG-Retail-INR,0.067
2000-08-15,Bihar-Patna-Patna-Potatoes-KG-Retail-INR,0.066
2000-08-15,Bihar-Patna-Patna-Potatoes-KG-Retail-INR,0.066
2000-09-15,Bihar-Patna-Patna-Potatoes-KG-Retail-INR,0.066
2000-10-15,Bihar-Patna-Patna-Potatoes-KG-Retail-INR,0.065
2000-11-15,Bihar-Patna-Patna-Potatoes-KG-Retail-INR,0.086
2000-12-15,Bihar-Patna-Patna-Potatoes-KG-Retail-INR,0.086
2001-01-15,Bihar-Patna-Patna-Potatoes-KG-Retail-INR,0.086
2001-01-15,Bihar-Patna-Patna-Potatoes-KG-Retail-INR,0.086
2001-02-15,Bihar-Patna-Patna-Potatoes-KG-Retail-INR,0.086
2001-03-15,Bihar-Patna-Patna-Potatoes-KG-Retail-INR,0.086
2001-04-15,Bihar-Patna-Patna-Potatoes-KG-Retail-INR,0.085
2001-05-15,Bihar-Patna-Patna-Potatoes-KG-Retail-INR,0.093
2001-06-15,Bihar-Patna-Patna-Potatoes-KG-Retail-INR,0.14
2001-07-15,Bihar-Patna-Patna-Potatoes-KG-Retail-INR,0.15
2001-08-15,Bihar-Patna-Patna-Potatoes-KG-Retail-INR,0.17
2001-09-15,Bihar-Patna-Patna-Potatoes-KG-Retail-INR,0.17
2001-10-15,Bihar-Patna-Patna-Potatoes-KG-Retail-INR,0.16
2001-11-15,Bihar-Patna-Patna-Potatoes-KG-Retail-INR,0.17
2001-12-15,Bihar-Patna-Patna-Potatoes-KG-Retail-INR,0.16
2001-12-15,Bihar-Patna-Patna-Potatoes-KG-Retail-INR,0.16
2002-01-15,Bihar-Patna-Patna-Potatoes-KG-Retail-INR,0.15
2002-02-15,Bihar-Patna-Patna-Potatoes-KG-Retail-INR,0.11
2002-03-15,Bihar-Patna-Patna-Potatoes-KG-Retail-INR,0.082
2002-04-15,Bihar-Patna-Patna-Potatoes-KG-Retail-INR,0.082
2002-05-15,Bihar-Patna-Patna-Potatoes-KG-Retail-INR,0.11
2002-06-15,Bihar-Patna-Patna-Potatoes-KG-Retail-INR,0.12
2002-06-15,Bihar-Patna-Patna-Potatoes-KG-Retail-INR,0.12
2002-06-15,Bihar-Patna-Patna-Potatoes-KG-Retail-INR,0.12
2002-06-15,Bihar-Patna-Patna-Potatoes-KG-Retail-INR,0.12
2002-06-15,Bihar-Patna-Patna-Potatoes-KG-Retail-INR,0.12
2002-07-15,Bihar-Patna-Patna-Potatoes-KG-Retail-INR,0.13
2002-07-15,Bihar-Patna-Patna-Potatoes-KG-Retail-INR,0.13
2002-07-15,Bihar-Patna-Patna-Potatoes-KG-Retail-INR,0.13
2002-08-15,Bihar-Patna-Patna-Potatoes-KG-Retail-INR,0.14
2002-09-15,Bihar-Patna-Patna-Potatoes-KG-Retail-INR,0.15
2002-10-15,Bihar-Patna-Patna-Potatoes-KG-Retail-INR,0.16
2002-11-15,Bihar-Patna-Patna-Potatoes-KG-Retail-INR,0.16
2002-12-15,Bihar-Patna-Patna-Potatoes-KG-Retail-INR,0.15
2002-12-15,Bihar-Patna-Patna-Potatoes-KG-Retail-INR,0.15
2003-01-15,Bihar-Patna-Patna-Potatoes-KG-Retail-INR,0.084
2003-01-15,Bihar-Patna-Patna-Potatoes-KG-Retail-INR,0.084
2003-02-15,Bihar-Patna-Patna-Potatoes-KG-Retail-INR,0.072
2003-03-15,Bihar-Patna-Patna-Potatoes-KG-Retail-INR,0.063
2003-04-15,Bihar-Patna-Patna-Potatoes-KG-Retail-INR,0.06
2003-05-15,Bihar-Patna-Patna-Potatoes-KG-Retail-INR,0.06
2003-06-15,Bihar-Patna-Patna-Potatoes-KG-Retail-INR,0.086
2003-07-15,Bihar-Patna-Patna-Potatoes-KG-Retail-INR,0.087
2003-08-15,Bihar-Patna-Patna-Potatoes-KG-Retail-INR,0.087
2003-09-15,Bihar-Patna-Patna-Potatoes-KG-Retail-INR,0.088
2003-10-15,Bihar-Patna-Patna-Potatoes-KG-Retail-INR,0.097
2003-11-15,Bihar-Patna-Patna-Potatoes-KG-Retail-INR,0.11
2003-12-15,Bihar-Patna-Patna-Potatoes-KG-Retail-INR,0.11
2003-12-15,Bihar-Patna-Patna-Potatoes-KG-Retail-INR,0.11
2004-01-15,Bihar-Patna-Patna-Potatoes-KG-Retail-INR,0.11
2004-02-15,Bihar-Patna-Patna-Potatoes-KG-Retail-INR,0.11
2004-02-15,Bihar-Patna-Patna-Potatoes-KG-Retail-INR,0.11
2004-03-15,Bihar-Patna-Patna-Potatoes-KG-Retail-INR,0.11
2004-04-15,Bihar-Patna-Patna-Potatoes-KG-Retail-INR,0.11
2004-05-15,Bihar-Patna-Patna-Potatoes-KG-Retail-INR,0.11
2004-06-15,Bihar-Patna-Patna-Potatoes-KG-Retail-INR,0.12
2004-07-15,Bihar-Patna-Patna-Potatoes-KG-Retail-INR,0.13
2004-08-15,Bihar-Patna-Patna-Potatoes-KG-Retail-INR,0.15
2004-09-15,Bihar-Patna-Patna-Potatoes-KG-Retail-INR,0.15
2004-10-15,Bihar-Patna-Patna-Potatoes-KG-Retail-INR,0.15
2004-10-15,Bihar-Patna-Patna-Potatoes-KG-Retail-INR,0.15
2004-10-15,Bihar-Patna-Patna-Potatoes-KG-Retail-INR,0.15
2004-11-15,Bihar-Patna-Patna-Potatoes-KG-Retail-INR,0.16
2004-12-15,Bihar-Patna-Patna-Potatoes-KG-Retail-INR,0.16
2005-01-15,Bihar-Patna-Patna-Potatoes-KG-Retail-INR,0.16
2005-02-15,Bihar-Patna-Patna-Potatoes-KG-Retail-INR,0.092
2005-03-15,Bihar-Patna-Patna-Potatoes-KG-Retail-INR,0.092
2005-04-15,Bihar-Patna-Patna-Potatoes-KG-Retail-INR,0.094
2005-05-15,Bihar-Patna-Patna-Potatoes-KG-Retail-INR,0.18
2005-06-15,Bihar-Patna-Patna-Potatoes-KG-Retail-INR,0.18
2005-07-15,Bihar-Patna-Patna-Potatoes-KG-Retail-INR,0.16
2005-08-15,Bihar-Patna-Patna-Potatoes-KG-Retail-INR,0.16
2005-09-15,Bihar-Patna-Patna-Potatoes-KG-Retail-INR,0.14
2005-10-15,Bihar-Patna-Patna-Potatoes-KG-Retail-INR,0.14
2005-11-15,Bihar-Patna-Patna-Potatoes-KG-Retail-INR,0.18
2005-12-15,Bihar-Patna-Patna-Potatoes-KG-Retail-INR,0.24
2006-01-15,Bihar-Patna-Patna-Potatoes-KG-Retail-INR,0.18
2006-02-15,Bihar-Patna-Patna-Potatoes-KG-Retail-INR,0.13
2006-03-15,Bihar-Patna-Patna-Potatoes-KG-Retail-INR,0.11
2006-04-15,Bihar-Patna-Patna-Potatoes-KG-Retail-INR,0.11
2006-05-15,Bihar-Patna-Patna-Potatoes-KG-Retail-INR,0.13
2006-06-15,Bihar-Patna-Patna-Potatoes-KG-Retail-INR,0.13
2006-06-15,Bihar-Patna-Patna-Potatoes-KG-Retail-INR,0.13
2006-07-15,Bihar-Patna-Patna-Potatoes-KG-Retail-INR,0.14
2006-08-15,Bihar-Patna-Patna-Potatoes-KG-Retail-INR,0.15
2006-09-15,Bihar-Patna-Patna-Potatoes-KG-Retail-INR,0.17
2006-10-15,Bihar-Patna-Patna-Potatoes-KG-Retail-INR,0.19
2006-11-15,Bihar-Patna-Patna-Potatoes-KG-Retail-INR,0.21
2006-12-15,Bihar-Patna-Patna-Potatoes-KG-Retail-INR,0.27
2007-01-15,Bihar-Patna-Patna-Potatoes-KG-Retail-INR,0.27
2007-02-15,Bihar-Patna-Patna-Potatoes-KG-Retail-INR,0.2
2007-02-15,Bihar-Patna-Patna-Potatoes-KG-Retail-INR,0.2
2007-02-15,Bihar-Patna-Patna-Potatoes-KG-Retail-INR,0.2
2007-03-15,Bihar-Patna-Patna-Potatoes-KG-Retail-INR,0.11
2007-04-15,Bihar-Patna-Patna-Potatoes-KG-Retail-INR,0.12
2007-04-15,Bihar-Patna-Patna-Potatoes-KG-Retail-INR,0.12
2007-05-15,Bihar-Patna-Patna-Potatoes-KG-Retail-INR,0.18
2007-06-15,Bihar-Patna-Patna-Potatoes-KG-Retail-INR,0.2
2007-06-15,Bihar-Patna-Patna-Potatoes-KG-Retail-INR,0.2
2007-07-15,Bihar-Patna-Patna-Potatoes-KG-Retail-INR,0.22
2007-08-15,Bihar-Patna-Patna-Potatoes-KG-Retail-INR,0.23
2007-09-15,Bihar-Patna-Patna-Potatoes-KG-Retail-INR,0.24
2007-10-15,Bihar-Patna-Patna-Potatoes-KG-Retail-INR,0.25
2007-11-15,Bihar-Patna-Patna-Potatoes-KG-Retail-INR,0.25
2007-12-15,Bihar-Patna-Patna-Potatoes-KG-Retail-INR,0.23
2007-12-15,Bihar-Patna-Patna-Potatoes-KG-Retail-INR,0.23
2008-01-15,Bihar-Patna-Patna-Potatoes-KG-Retail-INR,0.2
2008-02-15,Bihar-Patna-Patna-Potatoes-KG-Retail-INR,0.18
2008-03-15,Bihar-Patna-Patna-Potatoes-KG-Retail-INR,0.13
2008-04-15,Bihar-Patna-Patna-Potatoes-KG-Retail-INR,0.12
2008-05-15,Bihar-Patna-Patna-Potatoes-KG-Retail-INR,0.11
2008-06-15,Bihar-Patna-Patna-Potatoes-KG-Retail-INR,0.099
2008-07-15,Bihar-Patna-Patna-Potatoes-KG-Retail-INR,0.13
2008-08-15,Bihar-Patna-Patna-Potatoes-KG-Retail-INR,0.15
2008-08-15,Bihar-Patna-Patna-Potatoes-KG-Retail-INR,0.15
2008-09-15,Bihar-Patna-Patna-Potatoes-KG-Retail-INR,0.13
2008-10-15,Bihar-Patna-Patna-Potatoes-KG-Retail-INR,0.1
2008-11-15,Bihar-Patna-Patna-Potatoes-KG-Retail-INR,0.1
2008-11-15,Bihar-Patna-Patna-Potatoes-KG-Retail-INR,0.1
2008-12-15,Bihar-Patna-Patna-Potatoes-KG-Retail-INR,0.1
2009-01-15,Bihar-Patna-Patna-Potatoes-KG-Retail-INR,0.1
2009-02-15,Bihar-Patna-Patna-Potatoes-KG-Retail-INR,0.1
2009-03-15,Bihar-Patna-Patna-Potatoes-KG-Retail-INR,0.13
2009-04-15,Bihar-Patna-Patna-Potatoes-KG-Retail-INR,0.17
2009-05-15,Bihar-Patna-Patna-Potatoes-KG-Retail-INR,0.21
2009-06-15,Bihar-Patna-Patna-Potatoes-KG-Retail-INR,0.22
2009-07-15,Bihar-Patna-Patna-Potatoes-KG-Retail-INR,0.24
2009-08-15,Bihar-Patna-Patna-Potatoes-KG-Retail-INR,0.26
2009-08-15,Bihar-Patna-Patna-Potatoes-KG-Retail-INR,0.26
2009-09-15,Bihar-Patna-Patna-Potatoes-KG-Retail-INR,0.26
2009-10-15,Bihar-Patna-Patna-Potatoes-KG-Retail-INR,0.29
2009-11-15,Bihar-Patna-Patna-Potatoes-KG-Retail-INR,0.32
2009-12-15,Bihar-Patna-Patna-Potatoes-KG-Retail-INR,0.29
2009-12-15,Bihar-Patna-Patna-Potatoes-KG-Retail-INR,0.29
2009-12-15,Bihar-Patna-Patna-Potatoes-KG-Retail-INR,0.29
2010-01-15,Bihar-Patna-Patna-Potatoes-KG-Retail-INR,0.21
2010-02-15,Bihar-Patna-Patna-Potatoes-KG-Retail-INR,0.15
2010-03-15,Bihar-Patna-Patna-Potatoes-KG-Retail-INR,0.1
2010-04-15,Bihar-Patna-Patna-Potatoes-KG-Retail-INR,0.14
2010-05-15,Bihar-Patna-Patna-Potatoes-KG-Retail-INR,0.13
2010-06-15,Bihar-Patna-Patna-Potatoes-KG-Retail-INR,0.16
2010-07-15,Bihar-Patna-Patna-Potatoes-KG-Retail-INR,0.16
2010-08-15,Bihar-Patna-Patna-Potatoes-KG-Retail-INR,0.16
2010-09-15,Bihar-Patna-Patna-Potatoes-KG-Retail-INR,0.17
2010-09-15,Bihar-Patna-Patna-Potatoes-KG-Retail-INR,0.17
2010-10-15,Bihar-Patna-Patna-Potatoes-KG-Retail-INR,0.2
2010-11-15,Bihar-Patna-Patna-Potatoes-KG-Retail-INR,0.24
2010-12-15,Bihar-Patna-Patna-Potatoes-KG-Retail-INR,0.28
2011-01-15,Bihar-Patna-Patna-Potatoes-KG-Retail-INR,0.18
2011-01-15,Bihar-Patna-Patna-Potatoes-KG-Retail-INR,0.18
2011-02-15,Bihar-Patna-Patna-Potatoes-KG-Retail-INR,0.15
2011-03-15,Bihar-Patna-Patna-Potatoes-KG-Retail-INR,0.17
2011-03-15,Bihar-Patna-Patna-Potatoes-KG-Retail-INR,0.17
2011-03-15,Bihar-Patna-Patna-Potatoes-KG-Retail-INR,0.17
2011-04-15,Bihar-Patna-Patna-Potatoes-KG-Retail-INR,0.18
2011-05-15,Bihar-Patna-Patna-Potatoes-KG-Retail-INR,0.17
2011-06-15,Bihar-Patna-Patna-Potatoes-KG-Retail-INR,0.17
2011-07-15,Bihar-Patna-Patna-Potatoes-KG-Retail-INR,0.2
2011-08-15,Bihar-Patna-Patna-Potatoes-KG-Retail-INR,0.22
2011-09-15,Bihar-Patna-Patna-Potatoes-KG-Retail-INR,0.2
2011-10-15,Bihar-Patna-Patna-Potatoes-KG-Retail-INR,0.19
2011-11-15,Bihar-Patna-Patna-Potatoes-KG-Retail-INR,0.18
2011-12-15,Bihar-Patna-Patna-Potatoes-KG-Retail-INR,0.19
2012-01-15,Bihar-Patna-Patna-Potatoes-KG-Retail-INR,0.16
2012-02-15,Bihar-Patna-Patna-Potatoes-KG-Retail-INR,0.16
2012-02-15,Bihar-Patna-Patna-Potatoes-KG-Retail-INR,0.16
2012-02-15,Bihar-Patna-Patna-Potatoes-KG-Retail-INR,0.16
2012-03-15,Bihar-Patna-Patna-Potatoes-KG-Retail-INR,0.17
2012-04-15,Bihar-Patna-Patna-Potatoes-KG-Retail-INR,0.19
2012-05-15,Bihar-Patna-Patna-Potatoes-KG-Retail-INR,0.22
2012-06-15,Bihar-Patna-Patna-Potatoes-KG-Retail-INR,0.23
2012-06-15,Bihar-Patna-Patna-Potatoes-KG-Retail-INR,0.23
2012-07-15,Bihar-Patna-Patna-Potatoes-KG-Retail-INR,0.26
2012-08-15,Bihar-Patna-Patna-Potatoes-KG-Retail-INR,0.27
2012-09-15,Bihar-Patna-Patna-Potatoes-KG-Retail-INR,0.28
2012-10-15,Bihar-Patna-Patna-Potatoes-KG-Retail-INR,0.27
2012-11-15,Bihar-Patna-Patna-Potatoes-KG-Retail-INR,0.29
2012-12-15,Bihar-Patna-Patna-Potatoes-KG-Retail-INR,0.31
2013-01-15,Bihar-Patna-Patna-Potatoes-KG-Retail-INR,0.24
2013-02-15,Bihar-Patna-Patna-Potatoes-KG-Retail-INR,0.24
2013-03-15,Bihar-Patna-Patna-Potatoes-KG-Retail-INR,0.19
2013-04-15,Bihar-Patna-Patna-Potatoes-KG-Retail-INR,0.16
2013-05-15,Bihar-Patna-Patna-Potatoes-KG-Retail-INR,0.17
2013-06-15,Bihar-Patna-Patna-Potatoes-KG-Retail-INR,0.18
2013-07-15,Bihar-Patna-Patna-Potatoes-KG-Retail-INR,0.21
2013-08-15,Bihar-Patna-Patna-Potatoes-KG-Retail-INR,0.18
2013-09-15,Bihar-Patna-Patna-Potatoes-KG-Retail-INR,0.18
2013-10-15,Bihar-Patna-Patna-Potatoes-KG-Retail-INR,0.2
2013-11-15,Bihar-Patna-Patna-Potatoes-KG-Retail-INR,0.32
2013-12-15,Bihar-Patna-Patna-Potatoes-KG-Retail-INR,0.33
2014-01-15,Bihar-Patna-Patna-Potatoes-KG-Retail-INR,0.26
2014-02-15,Bihar-Patna-Patna-Potatoes-KG-Retail-INR,0.18
2014-03-15,Bihar-Patna-Patna-Potatoes-KG-Retail-INR,0.2
2014-04-15,Bihar-Patna-Patna-Potatoes-KG-Retail-INR,0.24
2014-05-15,Bihar-Patna-Patna-Potatoes-KG-Retail-INR,0.29
2014-06-15,Bihar-Patna-Patna-Potatoes-KG-Retail-INR,0.29
2014-06-15,Bihar-Patna-Patna-Potatoes-KG-Retail-INR,0.29
2014-07-15,Bihar-Patna-Patna-Potatoes-KG-Retail-INR,0.32
2014-08-15,Bihar-Patna-Patna-Potatoes-KG-Retail-INR,0.35
2014-09-15,Bihar-Patna-Patna-Potatoes-KG-Retail-INR,0.39
2014-10-15,Bihar-Patna-Patna-Potatoes-KG-Retail-INR,0.4
2014-11-15,Bihar-Patna-Patna-Potatoes-KG-Retail-INR,0.42
2014-12-15,Bihar-Patna-Patna-Potatoes-KG-Retail-INR,0.29
2015-01-15,Bihar-Patna-Patna-Potatoes-KG-Retail-INR,0.2
2015-02-15,Bihar-Patna-Patna-Potatoes-KG-Retail-INR,0.19
2015-03-15,Bihar-Patna-Patna-Potatoes-KG-Retail-INR,0.13
2015-04-15,Bihar-Patna-Patna-Potatoes-KG-Retail-INR,0.14
2015-05-15,Bihar-Patna-Patna-Potatoes-KG-Retail-INR,0.14
2015-05-15,Bihar-Patna-Patna-Potatoes-KG-Retail-INR,0.14
2015-06-15,Bihar-Patna-Patna-Potatoes-KG-Retail-INR,0.18
2015-07-15,Bihar-Patna-Patna-Potatoes-KG-Retail-INR,0.18
2015-07-15,Bihar-Patna-Patna-Potatoes-KG-Retail-INR,0.18
2015-08-15,Bihar-Patna-Patna-Potatoes-KG-Retail-INR,0.18
2015-09-15,Bihar-Patna-Patna-Potatoes-KG-Retail-INR,0.17
2015-10-15,Bihar-Patna-Patna-Potatoes-KG-Retail-INR,0.17
2015-11-15,Bihar-Patna-Patna-Potatoes-KG-Retail-INR,0.19
2015-12-15,Bihar-Patna-Patna-Potatoes-KG-Retail-INR,0.17
2016-01-15,Bihar-Patna-Patna-Potatoes-KG-Retail-INR,0.15
2016-02-15,Bihar-Patna-Patna-Potatoes-KG-Retail-INR,0.13
2016-03-15,Bihar-Patna-Patna-Potatoes-KG-Retail-INR,0.18
2016-03-15,Bihar-Patna-Patna-Potatoes-KG-Retail-INR,0.18
2016-04-15,Bihar-Patna-Patna-Potatoes-KG-Retail-INR,0.19
2016-05-15,Bihar-Patna-Patna-Potatoes-KG-Retail-INR,0.24
2016-06-15,Bihar-Patna-Patna-Potatoes-KG-Retail-INR,0.28
2016-07-15,Bihar-Patna-Patna-Potatoes-KG-Retail-INR,0.3
2016-08-15,Bihar-Patna-Patna-Potatoes-KG-Retail-INR,0.31
2016-09-15,Bihar-Patna-Patna-Potatoes-KG-Retail-INR,0.29
2016-10-15,Bihar-Patna-Patna-Potatoes-KG-Retail-INR,0.27
2016-11-15,Bihar-Patna-Patna-Potatoes-KG-Retail-INR,0.26
2016-12-15,Bihar-Patna-Patna-Potatoes-KG-Retail-INR,0.23
2017-01-15,Bihar-Patna-Patna-Potatoes-KG-Retail-INR,0.17
2017-02-15,Bihar-Patna-Patna-Potatoes-KG-Retail-INR,0.15
2017-03-15,Bihar-Patna-Patna-Potatoes-KG-Retail-INR,0.14
2017-04-15,Bihar-Patna-Patna-Potatoes-KG-Retail-INR,0.16
2017-05-15,Bihar-Patna-Patna-Potatoes-KG-Retail-INR,0.16
2017-06-15,Bihar-Patna-Patna-Potatoes-KG-Retail-INR,0.18
2017-07-15,Bihar-Patna-Patna-Potatoes-KG-Retail-INR,0.19
2017-08-15,Bihar-Patna-Patna-Potatoes-KG-Retail-INR,0.19
2017-09-15,Bihar-Patna-Patna-Potatoes-KG-Retail-INR,0.19
2017-10-15,Bihar-Patna-Patna-Potatoes-KG-Retail-INR,0.19
2017-11-15,Bihar-Patna-Patna-Potatoes-KG-Retail-INR,0.19
2017-12-15,Bihar-Patna-Patna-Potatoes-KG-Retail-INR,0.2
2018-01-15,Bihar-Patna-Patna-Potatoes-KG-Retail-INR,0.23
2018-02-15,Bihar-Patna-Patna-Potatoes-KG-Retail-INR,0.17
2018-03-15,Bihar-Patna-Patna-Potatoes-KG-Retail-INR,0.21
2018-04-15,Bihar-Patna-Patna-Potatoes-KG-Retail-INR,0.25
2018-04-15,Bihar-Patna-Patna-Potatoes-KG-Retail-INR,0.25
2018-05-15,Bihar-Patna-Patna-Potatoes-KG-Retail-INR,0.28
2018-06-15,Bihar-Patna-Patna-Potatoes-KG-Retail-INR,0.29
2018-07-15,Bihar-Patna-Patna-Potatoes-KG-Retail-INR,0.32
2018-08-15,Bihar-Patna-Patna-Potatoes-KG-Retail-INR,0.31
2018-09-15,Bihar-Patna-Patna-Potatoes-KG-Retail-INR,0.31
2018-10-15,Bihar-Patna-Patna-Potatoes-KG-Retail-INR,0.3
2018-10-15,Bihar-Patna-Patna-Potatoes-KG-Retail-INR,0.3
2018-11-15,Bihar-Patna-Patna-Potatoes-KG-Retail-INR,0.29
2018-12-15,Bihar-Patna-Patna-Potatoes-KG-Retail-INR,0.27
2018-12-15,Bihar-Patna-Patna-Potatoes-KG-Retail-INR,0.27
2019-01-15,Bihar-Patna-Patna-Potatoes-KG-Retail-INR,0.21
2019-02-15,Bihar-Patna-Patna-Potatoes-KG-Retail-INR,0.18
2019-03-15,Bihar-Patna-Patna-Potatoes-KG-Retail-INR,0.18
2019-04-15,Bihar-Patna-Patna-Potatoes-KG-Retail-INR,0.21
2019-05-15,Bihar-Patna-Patna-Potatoes-KG-Retail-INR,0.25
2019-06-15,Bihar-Patna-Patna-Potatoes-KG-Retail-INR,0.26
2019-07-15,Bihar-Patna-Patna-Potatoes-KG-Retail-INR,0.26
2019-08-15,Bihar-Patna-Patna-Potatoes-KG-Retail-INR,0.24
2019-09-15,Bihar-Patna-Patna-Potatoes-KG-Retail-INR,0.23
2019-10-15,Bihar-Patna-Patna-Potatoes-KG-Retail-INR,0.28
2019-11-15,Bihar-Patna-Patna-Potatoes-KG-Retail-INR,0.27
2019-11-15,Bihar-Patna-Patna-Potatoes-KG-Retail-INR,0.27
2019-12-15,Bihar-Patna-Patna-Potatoes-KG-Retail-INR,0.3
2019-12-15,Bihar-Patna-Patna-Potatoes-KG-Retail-INR,0.3
2019-12-15,Bihar-Patna-Patna-Potatoes-KG-Retail-INR,0.3
2020-01-15,Bihar-Patna-Patna-Potatoes-KG-Retail-INR,0.35
2020-02-15,Bihar-Patna-Patna-Potatoes-KG-Retail-INR,0.27
2020-03-15,Bihar-Patna-Patna-Potatoes-KG-Retail-INR,0.29
2020-04-15,Bihar-Patna-Patna-Potatoes-KG-Retail-INR,0.27
2020-04-15,Bihar-Patna-Patna-Potatoes-KG-Retail-INR,0.27
2020-05-15,Bihar-Patna-Patna-Potatoes-KG-Retail-INR,0.27
2020-06-15,Bihar-Patna-Patna-Potatoes-KG-Retail-INR,0.31
2020-06-15,Bihar-Patna-Patna-Potatoes-KG-Retail-INR,0.31
2020-07-15,Bihar-Patna-Patna-Potatoes-KG-Retail-INR,0.38
2020-08-15,Bihar-Patna-Patna-Potatoes-KG-Retail-INR,0.41
2020-09-15,Bihar-Patna-Patna-Potatoes-KG-Retail-INR,0.48
2020-09-15,Bihar-Patna-Patna-Potatoes-KG-Retail-INR,0.48
2020-10-15,Bihar-Patna-Patna-Potatoes-KG-Retail-INR,0.52
2020-11-15,Bihar-Patna-Patna-Potatoes-KG-Retail-INR,0.52
2020-12-15,Bihar-Patna-Patna-Potatoes-KG-Retail-INR,0.44
2020-12-15,Bihar-Patna-Patna-Potatoes-KG-Retail-INR,0.44
2020-12-15,Bihar-Patna-Patna-Potatoes-KG-Retail-INR,0.44
2021-01-15,Bihar-Patna-Patna-Potatoes-KG-Retail-INR,0.21
2021-01-15,Bihar-Patna-Patna-Potatoes-KG-Retail-INR,0.21
2021-02-15,Bihar-Patna-Patna-Potatoes-KG-Retail-INR,0.21
2021-03-15,Bihar-Patna-Patna-Potatoes-KG-Retail-INR,0.21
2021-04-15,Bihar-Patna-Patna-Potatoes-KG-Retail-INR,0.2
2021-05-15,Bihar-Patna-Patna-Potatoes-KG-Retail-INR,0.24
2021-05-15,Bihar-Patna-Patna-Potatoes-KG-Retail-INR,0.24
2021-06-15,Bihar-Patna-Patna-Potatoes-KG-Retail-INR,0.3
2021-06-15,Bihar-Patna-Patna-Potatoes-KG-Retail-INR,0.3
2021-07-15,Bihar-Patna-Patna-Potatoes-KG-Retail-INR,0.3
2021-08-15,Bihar-Patna-Patna-Potatoes-KG-Retail-INR,0.3
2021-08-15,Bihar-Patna-Patna-Potatoes-KG-Retail-INR,0.3
2021-09-15,Bihar-Patna-Patna-Potatoes-KG-Retail-INR,0.3
2021-09-15,Bihar-Patna-Patna-Potatoes-KG-Retail-INR,0.3
2021-10-15,Bihar-Patna-Patna-Potatoes-KG-Retail-INR,0.3
2021-10-15,Bihar-Patna-Patna-Potatoes-KG-Retail-INR,0.3
2021-11-15,Bihar-Patna-Patna-Potatoes-KG-Retail-INR,0.35
2021-12-15,Bihar-Patna-Patna-Potatoes-KG-Retail-INR,0.34
2022-01-15,Bihar-Patna-Patna-Potatoes-KG-Retail-INR,0.27
2022-01-15,Bihar-Patna-Patna-Potatoes-KG-Retail-INR,0.27
2022-02-15,Bihar-Patna-Patna-Potatoes-KG-Retail-INR,0.27
2022-03-15,Bihar-Patna-Patna-Potatoes-KG-Retail-INR,0.26
2022-04-15,Bihar-Patna-Patna-Potatoes-KG-Retail-INR,0.24
2022-05-15,Bihar-Patna-Patna-Potatoes-KG-Retail-INR,0.25
2022-06-15,Bihar-Patna-Patna-Potatoes-KG-Retail-INR,0.29
2022-07-15,Bihar-Patna-Patna-Potatoes-KG-Retail-INR,0.3
2022-07-15,Bihar-Patna-Patna-Potatoes-KG-Retail-INR,0.3
2022-08-15,Bihar-Patna-Patna-Potatoes-KG-Retail-INR,0.3
2022-09-15,Bihar-Patna-Patna-Potatoes-KG-Retail-INR,0.28
2022-09-15,Bihar-Patna-Patna-Potatoes-KG-Retail-INR,0.28
2022-10-15,Bihar-Patna-Patna-Potatoes-KG-Retail-INR,0.26
2022-10-15,Bihar-Patna-Patna-Potatoes-KG-Retail-INR,0.26
2022-11-15,Bihar-Patna-Patna-Potatoes-KG-Retail-INR,0.34
2022-12-15,Bihar-Patna-Patna-Potatoes-KG-Retail-INR,0.37
2023-01-15,Bihar-Patna-Patna-Potatoes-KG-Retail-INR,0.3
2023-02-15,Bihar-Patna-Patna-Potatoes-KG-Retail-INR,0.2
2023-03-15,Bihar-Patna-Patna-Potatoes-KG-Retail-INR,0.16
2023-04-15,Bihar-Patna-Patna-Potatoes-KG-Retail-INR,0.2
2023-05-15,Bihar-Patna-Patna-Potatoes-KG-Retail-INR,0.23
2023-06-15,Bihar-Patna-Patna-Potatoes-KG-Retail-INR,0.24
2023-07-15,Bihar-Patna-Patna-Potatoes-KG-Retail-INR,0.26
